,technology,parameter,year,value,unit,currency_year,source,further_description,financial_case,scenario,carrier
0,Fischer-Tropsch,efficiency,2020,0.7,per unit,,ICCT IRA e-fuels assumptions ,,,,
1,Fischer-Tropsch,investment,2020,1696429,USD_2022/MW,2022,ICCT IRA e-fuels assumptions ,,,,1/FT
2,Fischer-Tropsch,lifetime,2020,20,years,,ICCT IRA e-fuels assumptions ,,,,
3,Fischer-Tropsch,FOM,2020,4,%/year,2022,ICCT IRA e-fuels assumptions ,,,,
4,Fischer-Tropsch,lifetime,2030,30,years,,ICCT IRA e-fuels assumptions ,,,,
5,Fischer-Tropsch,hydrogen-input,2020,1.43, ,,ICCT IRA e-fuels assumptions ,"0.995 MWh_H2 per output, output increasing from 2020 to 2050 (0.65, 0.7, 0.73, 0.75 MWh liquid FT output).",,,H2/FT
6,Fischer-Tropsch,electricity-input,2020,0.04, ,,ICCT IRA e-fuels assumptions ,"0.005 MWh_el input per FT output, output increasing from 2020 to 2050 (0.65, 0.7, 0.73, 0.75 MWh liquid FT output).",,,el/FT
7,Fischer-Tropsch,carbondioxide-input,2020,0.32,t/MWh,,ICCT IRA e-fuels assumptions ,"Input per 1t FT liquid fuels output, carbon efficiency increases with years (4.3, 3.9, 3.6, 3.3 t_CO2/t_FT from 2020-2050 with LHV 11.95 MWh_th/t_FT).",,,CO2/FT
8,hydrogen storage tank type 1,investment,2020,16.87,USD_2022/kWh,2022,ICCT IRA e-fuels assumptions ,,,,1/H2
9,hydrogen storage tank type 1,FOM,2020,4,%/year,2022,ICCT IRA e-fuels assumptions ,,,,
10,hydrogen storage tank type 1,lifetime,2020,30,years,,ICCT IRA e-fuels assumptions ,,,,
11,hydrogen storage tank type 1,min_fill_level,2020,6,%,,"Based on Stöckl et al (2021): https://doi.org/10.48550/arXiv.2005.03464, table SI.9.",,,,
12,hydrogen storage compressor,investment,2020,2.28,USD_2022/kWh,2022,ICCT IRA e-fuels assumptions ,,,,1/H2
13,hydrogen storage compressor,FOM,2020,4,%/year,2022,ICCT IRA e-fuels assumptions ,,,,
14,hydrogen storage compressor,lifetime,2020,30,years,,ICCT IRA e-fuels assumptions ,,,,
15,hydrogen storage compressor,compression-electricity-input,2020,0.05, ,,"Based on Stöckl et al (2021): https://doi.org/10.48550/arXiv.2005.03464, table SI.4.",1.707 kWh/kg.,,,el/H2
16,direct air capture,lifetime,2020,30,years,-,ICCT IRA e-fuels assumptions ,,,,
17,direct air capture,FOM,2020,1.3,%/year,2023,ICCT IRA e-fuels assumptions ,Meaning of scenario and financial case: https://atb.nrel.gov/electricity/2024/definitions#scenarios,R&D,Moderate,
18,direct air capture,FOM,2020,1.3,%/year,2023,ICCT IRA e-fuels assumptions ,Meaning of scenario and financial case: https://atb.nrel.gov/electricity/2024/definitions#scenarios,R&D,Conservative,
19,direct air capture,FOM,2020,1.3,%/year,2023,ICCT IRA e-fuels assumptions ,Meaning of scenario and financial case: https://atb.nrel.gov/electricity/2024/definitions#scenarios,R&D,Advanced,
20,direct air capture,investment,2020,12398844.91,USD_2023/t/h,2023,ICCT IRA e-fuels assumptions ,Meaning of scenario and financial case: https://atb.nrel.gov/electricity/2024/definitions#scenarios,R&D,Moderate,1/CO2
21,direct air capture,investment,2020,19180739.93,USD_2023/t/h,2023,ICCT IRA e-fuels assumptions ,Meaning of scenario and financial case: https://atb.nrel.gov/electricity/2024/definitions#scenarios,R&D,Conservative,1/CO2
22,direct air capture,investment,2020,7103597.31,USD_2023/t/h,2023,ICCT IRA e-fuels assumptions ,Meaning of scenario and financial case: https://atb.nrel.gov/electricity/2024/definitions#scenarios,R&D,Advanced,1/CO2
23,direct air capture,FOM,2020,1.3,%/year,2023,ICCT IRA e-fuels assumptions ,Meaning of scenario and financial case: https://atb.nrel.gov/electricity/2024/definitions#scenarios,Market,Moderate,
24,direct air capture,FOM,2020,1.3,%/year,2023,ICCT IRA e-fuels assumptions ,Meaning of scenario and financial case: https://atb.nrel.gov/electricity/2024/definitions#scenarios,Market,Conservative,
25,direct air capture,FOM,2020,1.3,%/year,2023,ICCT IRA e-fuels assumptions ,Meaning of scenario and financial case: https://atb.nrel.gov/electricity/2024/definitions#scenarios,Market,Advanced,
26,direct air capture,investment,2020,12398844.91,USD_2023/t/h,2023,ICCT IRA e-fuels assumptions ,Meaning of scenario and financial case: https://atb.nrel.gov/electricity/2024/definitions#scenarios,Market,Moderate,1/CO2
27,direct air capture,investment,2020,19180739.93,USD_2023/t/h,2023,ICCT IRA e-fuels assumptions ,Meaning of scenario and financial case: https://atb.nrel.gov/electricity/2024/definitions#scenarios,Market,Conservative,1/CO2
28,direct air capture,investment,2020,7103597.31,USD_2023/t/h,2023,ICCT IRA e-fuels assumptions ,Meaning of scenario and financial case: https://atb.nrel.gov/electricity/2024/definitions#scenarios,Market,Advanced,1/CO2
29,direct air capture,electricity-input,2020,0.24,MWh/t,-,ICCT IRA e-fuels assumptions ,,,,el/CO2
30,direct air capture,heat-input,2020,1.17,MWh/t,-,ICCT IRA e-fuels assumptions ,,,,thermal/CO2
31,Coal-IGCC,lifetime,2020,40,years,-,"JRC, 01_JRC-EU-TIMES Full model, https://zenodo.org/records/3544900, file `SubRES_15_TECHS_HYDROGEN.xlsx`",,,,
32,Coal-IGCC-90%-CCS,lifetime,2030,40,years,-,"JRC, 01_JRC-EU-TIMES Full model, https://zenodo.org/records/3544900, file `SubRES_15_TECHS_HYDROGEN.xlsx`",,,,
33,Coal-95%-CCS,lifetime,2030,40,years,-,"JRC, 01_JRC-EU-TIMES Full model, https://zenodo.org/records/3544900, file `SubRES_15_TECHS_HYDROGEN.xlsx`",,,,
34,Coal-99%-CCS,lifetime,2030,40,years,-,"JRC, 01_JRC-EU-TIMES Full model, https://zenodo.org/records/3544900, file `SubRES_15_TECHS_HYDROGEN.xlsx`",,,,
35,NG 2-on-1 Combined Cycle (F-Frame),lifetime,2030,30,years,-,"JRC, 01_JRC-EU-TIMES Full model, https://zenodo.org/records/3544900, file `SubRES_15_TECHS_HYDROGEN.xlsx`",,,,
36,NG 2-on-1 Combined Cycle (F-Frame) 95% CCS,lifetime,2030,30,years,-,"JRC, 01_JRC-EU-TIMES Full model, https://zenodo.org/records/3544900, file `SubRES_15_TECHS_HYDROGEN.xlsx`",,,,
37,NG 2-on-1 Combined Cycle (F-Frame) 97% CCS,lifetime,2030,30,years,-,"JRC, 01_JRC-EU-TIMES Full model, https://zenodo.org/records/3544900, file `SubRES_15_TECHS_HYDROGEN.xlsx`",,,,
38,Coal-95%-CCS,capture_rate,2030,0.95,per unit,-,"NREL, NREL ATB 2024",,,,
39,Coal-99%-CCS,capture_rate,2030,0.99,per unit,-,"NREL, NREL ATB 2024",,,,
40,Coal-IGCC-90%-CCS,capture_rate,2030,0.9,per unit,-,"NREL, NREL ATB 2024",,,,
41,NG 2-on-1 Combined Cycle (F-Frame) 95% CCS,capture_rate,2030,0.95,per unit,-,"NREL, NREL ATB 2024",,,,
42,NG 2-on-1 Combined Cycle (F-Frame) 97% CCS,capture_rate,2030,0.97,per unit,-,"NREL, NREL ATB 2024",,,,
43,Coal-IGCC,efficiency,2020,0.5,per unit,-,"JRC, 01_JRC-EU-TIMES Full model, https://zenodo.org/records/3544900, file `SubRES_15_TECHS_HYDROGEN.xlsx`",,,,
44,Coal-IGCC-90%-CCS,efficiency,2030,0.403,per unit,,"JRC, 01_JRC-EU-TIMES Full model, https://zenodo.org/records/3544900, file `SubRES_15_TECHS_HYDROGEN.xlsx`",,,,
45,NG 2-on-1 Combined Cycle (F-Frame),efficiency,2020,0.573,per unit,-,"NREL, “Cost and performance projections for coal- and natural gas-fired power plants""",,,,
46,Coal-95%-CCS,efficiency,2030,0.403,per unit,-,"JRC, 01_JRC-EU-TIMES Full model, https://zenodo.org/records/3544900, file `SubRES_15_TECHS_HYDROGEN.xlsx`",,,,
47,Coal-99%-CCS,efficiency,2030,0.403,per unit,-,"JRC, 01_JRC-EU-TIMES Full model, https://zenodo.org/records/3544900, file `SubRES_15_TECHS_HYDROGEN.xlsx`",,,,
48,NG 2-on-1 Combined Cycle (F-Frame),efficiency,2030,0.573,per unit,-,"NREL, “Cost and performance projections for coal- and natural gas-fired power plants""",,,,
49,NG 2-on-1 Combined Cycle (F-Frame) 95% CCS,efficiency,2030,0.527,per unit,-,"NREL, “Cost and performance projections for coal- and natural gas-fired power plants""",,,,
50,NG 2-on-1 Combined Cycle (F-Frame) 97% CCS,efficiency,2030,0.525,per unit,-,"NREL, “Cost and performance projections for coal- and natural gas-fired power plants""",,,,
51,Coal integrated retrofit 90%-CCS,capture_rate,2030,0.9,per unit,-,"NREL, “Cost and performance projections for coal- and natural gas-fired power plants""",,,,
52,Coal integrated retrofit 95%-CCS,capture_rate,2030,0.95,per unit,-,"NREL, “Cost and performance projections for coal- and natural gas-fired power plants""",,,,
53,NG Combined Cycle F-Class integrated retrofit 90%-CCS,capture_rate,2030,0.9,per unit,-,"NREL, “Cost and performance projections for coal- and natural gas-fired power plants""",,,,
54,NG Combined Cycle F-Class integrated retrofit 95%-CCS,capture_rate,2030,0.95,per unit,-,"NREL, “Cost and performance projections for coal- and natural gas-fired power plants""",,,,
55,Coal integrated retrofit 90%-CCS,efficiency,2030,0.386,per unit,-,"NREL, “Cost and performance projections for coal- and natural gas-fired power plants""",,,,
56,Coal integrated retrofit 95%-CCS,efficiency,2030,0.386,per unit,-,"NREL, “Cost and performance projections for coal- and natural gas-fired power plants""",,,,
57,NG Combined Cycle F-Class integrated retrofit 90%-CCS,efficiency,2030,0.536,per unit,-,"NREL, “Cost and performance projections for coal- and natural gas-fired power plants""",,,,
58,NG Combined Cycle F-Class integrated retrofit 95%-CCS,efficiency,2030,0.536,per unit,-,"NREL, “Cost and performance projections for coal- and natural gas-fired power plants""",,,,
59,Alkaline electrolyzer large size,lifetime,2020,30,years,-,ICCT IRA e-fuels assumptions ,,,,
60,PEM electrolyzer small size,lifetime,2020,30,years,-,ICCT IRA e-fuels assumptions ,,,,
61,SOEC,lifetime,2020,30,years,-,ICCT IRA e-fuels assumptions ,,,,
62,Alkaline electrolyzer large size,investment,2020,1671,USD_2022/kW,2022,"ICCT IRA e-fuels assumptions, https://theicct.org/wp-content/uploads/2022/02/fuels-eu-cost-renew-H-produced-onsite-H-refueling-stations-europe-feb22.pdf adjusted according to DOE observations https://www.hydrogen.energy.gov/docs/hydrogenprogramlibraries/pdfs/24005-clean-hydrogen-production-cost-pem-electrolyzer.pdf?sfvrsn=8cb10889_1#:~:text=This%20Record%20shows%20that%20the,factors%20of%2050%2D75%25",Meaning of scenario and financial case: https://atb.nrel.gov/electricity/2024/definitions#scenarios,R&D,Moderate,
63,Alkaline electrolyzer large size,investment,2030,1402,USD_2022/kW,2022,"ICCT IRA e-fuels assumptions, https://theicct.org/wp-content/uploads/2022/02/fuels-eu-cost-renew-H-produced-onsite-H-refueling-stations-europe-feb22.pdf adjusted according to DOE observations https://www.hydrogen.energy.gov/docs/hydrogenprogramlibraries/pdfs/24005-clean-hydrogen-production-cost-pem-electrolyzer.pdf?sfvrsn=8cb10889_1#:~:text=This%20Record%20shows%20that%20the,factors%20of%2050%2D75%25",Meaning of scenario and financial case: https://atb.nrel.gov/electricity/2024/definitions#scenarios,R&D,Moderate,
64,Alkaline electrolyzer large size,investment,2040,1182,USD_2022/kW,2022,"ICCT IRA e-fuels assumptions, https://theicct.org/wp-content/uploads/2022/02/fuels-eu-cost-renew-H-produced-onsite-H-refueling-stations-europe-feb22.pdf adjusted according to DOE observations https://www.hydrogen.energy.gov/docs/hydrogenprogramlibraries/pdfs/24005-clean-hydrogen-production-cost-pem-electrolyzer.pdf?sfvrsn=8cb10889_1#:~:text=This%20Record%20shows%20that%20the,factors%20of%2050%2D75%25",Meaning of scenario and financial case: https://atb.nrel.gov/electricity/2024/definitions#scenarios,R&D,Moderate,
65,Alkaline electrolyzer large size,investment,2050,1002,USD_2022/kW,2022,"ICCT IRA e-fuels assumptions, https://theicct.org/wp-content/uploads/2022/02/fuels-eu-cost-renew-H-produced-onsite-H-refueling-stations-europe-feb22.pdf adjusted according to DOE observations https://www.hydrogen.energy.gov/docs/hydrogenprogramlibraries/pdfs/24005-clean-hydrogen-production-cost-pem-electrolyzer.pdf?sfvrsn=8cb10889_1#:~:text=This%20Record%20shows%20that%20the,factors%20of%2050%2D75%25",Meaning of scenario and financial case: https://atb.nrel.gov/electricity/2024/definitions#scenarios,R&D,Moderate,
66,PEM electrolyzer small size,investment,2020,2599,USD_2022/kW,2022,"ICCT IRA e-fuels assumptions, https://theicct.org/wp-content/uploads/2022/02/fuels-eu-cost-renew-H-produced-onsite-H-refueling-stations-europe-feb22.pdf adjusted according to DOE observations https://www.hydrogen.energy.gov/docs/hydrogenprogramlibraries/pdfs/24005-clean-hydrogen-production-cost-pem-electrolyzer.pdf?sfvrsn=8cb10889_1#:~:text=This%20Record%20shows%20that%20the,factors%20of%2050%2D75%25",Meaning of scenario and financial case: https://atb.nrel.gov/electricity/2024/definitions#scenarios,R&D,Moderate,
67,PEM electrolyzer small size,investment,2030,2160,USD_2022/kW,2022,"ICCT IRA e-fuels assumptions, https://theicct.org/wp-content/uploads/2022/02/fuels-eu-cost-renew-H-produced-onsite-H-refueling-stations-europe-feb22.pdf adjusted according to DOE observations https://www.hydrogen.energy.gov/docs/hydrogenprogramlibraries/pdfs/24005-clean-hydrogen-production-cost-pem-electrolyzer.pdf?sfvrsn=8cb10889_1#:~:text=This%20Record%20shows%20that%20the,factors%20of%2050%2D75%25",Meaning of scenario and financial case: https://atb.nrel.gov/electricity/2024/definitions#scenarios,R&D,Moderate,
68,PEM electrolyzer small size,investment,2040,1802,USD_2022/kW,2022,"ICCT IRA e-fuels assumptions, https://theicct.org/wp-content/uploads/2022/02/fuels-eu-cost-renew-H-produced-onsite-H-refueling-stations-europe-feb22.pdf adjusted according to DOE observations https://www.hydrogen.energy.gov/docs/hydrogenprogramlibraries/pdfs/24005-clean-hydrogen-production-cost-pem-electrolyzer.pdf?sfvrsn=8cb10889_1#:~:text=This%20Record%20shows%20that%20the,factors%20of%2050%2D75%25",Meaning of scenario and financial case: https://atb.nrel.gov/electricity/2024/definitions#scenarios,R&D,Moderate,
69,PEM electrolyzer small size,investment,2050,1509,USD_2022/kW,2022,"ICCT IRA e-fuels assumptions, https://theicct.org/wp-content/uploads/2022/02/fuels-eu-cost-renew-H-produced-onsite-H-refueling-stations-europe-feb22.pdf adjusted according to DOE observations https://www.hydrogen.energy.gov/docs/hydrogenprogramlibraries/pdfs/24005-clean-hydrogen-production-cost-pem-electrolyzer.pdf?sfvrsn=8cb10889_1#:~:text=This%20Record%20shows%20that%20the,factors%20of%2050%2D75%25",Meaning of scenario and financial case: https://atb.nrel.gov/electricity/2024/definitions#scenarios,R&D,Moderate,
70,SOEC,investment,2020,2851,USD_2022/kW,2022,"ICCT IRA e-fuels assumptions, https://theicct.org/wp-content/uploads/2022/02/fuels-eu-cost-renew-H-produced-onsite-H-refueling-stations-europe-feb22.pdf adjusted according to DOE observations https://www.hydrogen.energy.gov/docs/hydrogenprogramlibraries/pdfs/24005-clean-hydrogen-production-cost-pem-electrolyzer.pdf?sfvrsn=8cb10889_1#:~:text=This%20Record%20shows%20that%20the,factors%20of%2050%2D75%25",Meaning of scenario and financial case: https://atb.nrel.gov/electricity/2024/definitions#scenarios,R&D,Moderate,
71,SOEC,investment,2030,2366,USD_2022/kW,2022,"ICCT IRA e-fuels assumptions, https://theicct.org/wp-content/uploads/2022/02/fuels-eu-cost-renew-H-produced-onsite-H-refueling-stations-europe-feb22.pdf adjusted according to DOE observations https://www.hydrogen.energy.gov/docs/hydrogenprogramlibraries/pdfs/24005-clean-hydrogen-production-cost-pem-electrolyzer.pdf?sfvrsn=8cb10889_1#:~:text=This%20Record%20shows%20that%20the,factors%20of%2050%2D75%25",Meaning of scenario and financial case: https://atb.nrel.gov/electricity/2024/definitions#scenarios,R&D,Moderate,
72,SOEC,investment,2040,1970,USD_2022/kW,2022,"ICCT IRA e-fuels assumptions, https://theicct.org/wp-content/uploads/2022/02/fuels-eu-cost-renew-H-produced-onsite-H-refueling-stations-europe-feb22.pdf adjusted according to DOE observations https://www.hydrogen.energy.gov/docs/hydrogenprogramlibraries/pdfs/24005-clean-hydrogen-production-cost-pem-electrolyzer.pdf?sfvrsn=8cb10889_1#:~:text=This%20Record%20shows%20that%20the,factors%20of%2050%2D75%25",Meaning of scenario and financial case: https://atb.nrel.gov/electricity/2024/definitions#scenarios,R&D,Moderate,
73,SOEC,investment,2050,1646,USD_2022/kW,2022,"ICCT IRA e-fuels assumptions, https://theicct.org/wp-content/uploads/2022/02/fuels-eu-cost-renew-H-produced-onsite-H-refueling-stations-europe-feb22.pdf adjusted according to DOE observations https://www.hydrogen.energy.gov/docs/hydrogenprogramlibraries/pdfs/24005-clean-hydrogen-production-cost-pem-electrolyzer.pdf?sfvrsn=8cb10889_1#:~:text=This%20Record%20shows%20that%20the,factors%20of%2050%2D75%25",Meaning of scenario and financial case: https://atb.nrel.gov/electricity/2024/definitions#scenarios,R&D,Moderate,
74,Alkaline electrolyzer large size,investment,2020,1671,USD_2022/kW,2022,"ICCT IRA e-fuels assumptions, https://theicct.org/wp-content/uploads/2022/02/fuels-eu-cost-renew-H-produced-onsite-H-refueling-stations-europe-feb22.pdf adjusted according to DOE observations https://www.hydrogen.energy.gov/docs/hydrogenprogramlibraries/pdfs/24005-clean-hydrogen-production-cost-pem-electrolyzer.pdf?sfvrsn=8cb10889_1#:~:text=This%20Record%20shows%20that%20the,factors%20of%2050%2D75%25",Meaning of scenario and financial case: https://atb.nrel.gov/electricity/2024/definitions#scenarios,R&D,Conservative,
75,Alkaline electrolyzer large size,investment,2030,1599,USD_2022/kW,2022,"ICCT IRA e-fuels assumptions, https://theicct.org/wp-content/uploads/2022/02/fuels-eu-cost-renew-H-produced-onsite-H-refueling-stations-europe-feb22.pdf adjusted according to DOE observations https://www.hydrogen.energy.gov/docs/hydrogenprogramlibraries/pdfs/24005-clean-hydrogen-production-cost-pem-electrolyzer.pdf?sfvrsn=8cb10889_1#:~:text=This%20Record%20shows%20that%20the,factors%20of%2050%2D75%25",Meaning of scenario and financial case: https://atb.nrel.gov/electricity/2024/definitions#scenarios,R&D,Conservative,
76,Alkaline electrolyzer large size,investment,2040,1531,USD_2022/kW,2022,"ICCT IRA e-fuels assumptions, https://theicct.org/wp-content/uploads/2022/02/fuels-eu-cost-renew-H-produced-onsite-H-refueling-stations-europe-feb22.pdf adjusted according to DOE observations https://www.hydrogen.energy.gov/docs/hydrogenprogramlibraries/pdfs/24005-clean-hydrogen-production-cost-pem-electrolyzer.pdf?sfvrsn=8cb10889_1#:~:text=This%20Record%20shows%20that%20the,factors%20of%2050%2D75%25",Meaning of scenario and financial case: https://atb.nrel.gov/electricity/2024/definitions#scenarios,R&D,Conservative,
77,Alkaline electrolyzer large size,investment,2050,1466,USD_2022/kW,2022,"ICCT IRA e-fuels assumptions, https://theicct.org/wp-content/uploads/2022/02/fuels-eu-cost-renew-H-produced-onsite-H-refueling-stations-europe-feb22.pdf adjusted according to DOE observations https://www.hydrogen.energy.gov/docs/hydrogenprogramlibraries/pdfs/24005-clean-hydrogen-production-cost-pem-electrolyzer.pdf?sfvrsn=8cb10889_1#:~:text=This%20Record%20shows%20that%20the,factors%20of%2050%2D75%25",Meaning of scenario and financial case: https://atb.nrel.gov/electricity/2024/definitions#scenarios,R&D,Conservative,
78,PEM electrolyzer small size,investment,2020,2599,USD_2022/kW,2022,"ICCT IRA e-fuels assumptions, https://theicct.org/wp-content/uploads/2022/02/fuels-eu-cost-renew-H-produced-onsite-H-refueling-stations-europe-feb22.pdf adjusted according to DOE observations https://www.hydrogen.energy.gov/docs/hydrogenprogramlibraries/pdfs/24005-clean-hydrogen-production-cost-pem-electrolyzer.pdf?sfvrsn=8cb10889_1#:~:text=This%20Record%20shows%20that%20the,factors%20of%2050%2D75%25",Meaning of scenario and financial case: https://atb.nrel.gov/electricity/2024/definitions#scenarios,R&D,Conservative,
79,PEM electrolyzer small size,investment,2030,2160,USD_2022/kW,2022,"ICCT IRA e-fuels assumptions, https://theicct.org/wp-content/uploads/2022/02/fuels-eu-cost-renew-H-produced-onsite-H-refueling-stations-europe-feb22.pdf adjusted according to DOE observations https://www.hydrogen.energy.gov/docs/hydrogenprogramlibraries/pdfs/24005-clean-hydrogen-production-cost-pem-electrolyzer.pdf?sfvrsn=8cb10889_1#:~:text=This%20Record%20shows%20that%20the,factors%20of%2050%2D75%25",Meaning of scenario and financial case: https://atb.nrel.gov/electricity/2024/definitions#scenarios,R&D,Conservative,
80,PEM electrolyzer small size,investment,2040,1802,USD_2022/kW,2022,"ICCT IRA e-fuels assumptions, https://theicct.org/wp-content/uploads/2022/02/fuels-eu-cost-renew-H-produced-onsite-H-refueling-stations-europe-feb22.pdf adjusted according to DOE observations https://www.hydrogen.energy.gov/docs/hydrogenprogramlibraries/pdfs/24005-clean-hydrogen-production-cost-pem-electrolyzer.pdf?sfvrsn=8cb10889_1#:~:text=This%20Record%20shows%20that%20the,factors%20of%2050%2D75%25",Meaning of scenario and financial case: https://atb.nrel.gov/electricity/2024/definitions#scenarios,R&D,Conservative,
81,PEM electrolyzer small size,investment,2050,1509,USD_2022/kW,2022,"ICCT IRA e-fuels assumptions, https://theicct.org/wp-content/uploads/2022/02/fuels-eu-cost-renew-H-produced-onsite-H-refueling-stations-europe-feb22.pdf adjusted according to DOE observations https://www.hydrogen.energy.gov/docs/hydrogenprogramlibraries/pdfs/24005-clean-hydrogen-production-cost-pem-electrolyzer.pdf?sfvrsn=8cb10889_1#:~:text=This%20Record%20shows%20that%20the,factors%20of%2050%2D75%25",Meaning of scenario and financial case: https://atb.nrel.gov/electricity/2024/definitions#scenarios,R&D,Conservative,
82,SOEC,investment,2020,2851,USD_2022/kW,2022,"ICCT IRA e-fuels assumptions, https://theicct.org/wp-content/uploads/2022/02/fuels-eu-cost-renew-H-produced-onsite-H-refueling-stations-europe-feb22.pdf adjusted according to DOE observations https://www.hydrogen.energy.gov/docs/hydrogenprogramlibraries/pdfs/24005-clean-hydrogen-production-cost-pem-electrolyzer.pdf?sfvrsn=8cb10889_1#:~:text=This%20Record%20shows%20that%20the,factors%20of%2050%2D75%25",Meaning of scenario and financial case: https://atb.nrel.gov/electricity/2024/definitions#scenarios,R&D,Conservative,
83,SOEC,investment,2030,2721,USD_2022/kW,2022,"ICCT IRA e-fuels assumptions, https://theicct.org/wp-content/uploads/2022/02/fuels-eu-cost-renew-H-produced-onsite-H-refueling-stations-europe-feb22.pdf adjusted according to DOE observations https://www.hydrogen.energy.gov/docs/hydrogenprogramlibraries/pdfs/24005-clean-hydrogen-production-cost-pem-electrolyzer.pdf?sfvrsn=8cb10889_1#:~:text=This%20Record%20shows%20that%20the,factors%20of%2050%2D75%25",Meaning of scenario and financial case: https://atb.nrel.gov/electricity/2024/definitions#scenarios,R&D,Conservative,
84,SOEC,investment,2040,2598,USD_2022/kW,2022,"ICCT IRA e-fuels assumptions, https://theicct.org/wp-content/uploads/2022/02/fuels-eu-cost-renew-H-produced-onsite-H-refueling-stations-europe-feb22.pdf adjusted according to DOE observations https://www.hydrogen.energy.gov/docs/hydrogenprogramlibraries/pdfs/24005-clean-hydrogen-production-cost-pem-electrolyzer.pdf?sfvrsn=8cb10889_1#:~:text=This%20Record%20shows%20that%20the,factors%20of%2050%2D75%25",Meaning of scenario and financial case: https://atb.nrel.gov/electricity/2024/definitions#scenarios,R&D,Conservative,
85,SOEC,investment,2050,2481,USD_2022/kW,2022,"ICCT IRA e-fuels assumptions, https://theicct.org/wp-content/uploads/2022/02/fuels-eu-cost-renew-H-produced-onsite-H-refueling-stations-europe-feb22.pdf adjusted according to DOE observations https://www.hydrogen.energy.gov/docs/hydrogenprogramlibraries/pdfs/24005-clean-hydrogen-production-cost-pem-electrolyzer.pdf?sfvrsn=8cb10889_1#:~:text=This%20Record%20shows%20that%20the,factors%20of%2050%2D75%25",Meaning of scenario and financial case: https://atb.nrel.gov/electricity/2024/definitions#scenarios,R&D,Conservative,
86,Alkaline electrolyzer large size,investment,2020,1671,USD_2022/kW,2022,"ICCT IRA e-fuels assumptions, https://theicct.org/wp-content/uploads/2022/02/fuels-eu-cost-renew-H-produced-onsite-H-refueling-stations-europe-feb22.pdf adjusted according to DOE observations https://www.hydrogen.energy.gov/docs/hydrogenprogramlibraries/pdfs/24005-clean-hydrogen-production-cost-pem-electrolyzer.pdf?sfvrsn=8cb10889_1#:~:text=This%20Record%20shows%20that%20the,factors%20of%2050%2D75%25",Meaning of scenario and financial case: https://atb.nrel.gov/electricity/2024/definitions#scenarios,R&D,Advanced,
87,Alkaline electrolyzer large size,investment,2030,1342,USD_2022/kW,2022,"ICCT IRA e-fuels assumptions, https://theicct.org/wp-content/uploads/2022/02/fuels-eu-cost-renew-H-produced-onsite-H-refueling-stations-europe-feb22.pdf adjusted according to DOE observations https://www.hydrogen.energy.gov/docs/hydrogenprogramlibraries/pdfs/24005-clean-hydrogen-production-cost-pem-electrolyzer.pdf?sfvrsn=8cb10889_1#:~:text=This%20Record%20shows%20that%20the,factors%20of%2050%2D75%25",Meaning of scenario and financial case: https://atb.nrel.gov/electricity/2024/definitions#scenarios,R&D,Advanced,
88,Alkaline electrolyzer large size,investment,2040,1086,USD_2022/kW,2022,"ICCT IRA e-fuels assumptions, https://theicct.org/wp-content/uploads/2022/02/fuels-eu-cost-renew-H-produced-onsite-H-refueling-stations-europe-feb22.pdf adjusted according to DOE observations https://www.hydrogen.energy.gov/docs/hydrogenprogramlibraries/pdfs/24005-clean-hydrogen-production-cost-pem-electrolyzer.pdf?sfvrsn=8cb10889_1#:~:text=This%20Record%20shows%20that%20the,factors%20of%2050%2D75%25",Meaning of scenario and financial case: https://atb.nrel.gov/electricity/2024/definitions#scenarios,R&D,Advanced,
89,Alkaline electrolyzer large size,investment,2050,888,USD_2022/kW,2022,"ICCT IRA e-fuels assumptions, https://theicct.org/wp-content/uploads/2022/02/fuels-eu-cost-renew-H-produced-onsite-H-refueling-stations-europe-feb22.pdf adjusted according to DOE observations https://www.hydrogen.energy.gov/docs/hydrogenprogramlibraries/pdfs/24005-clean-hydrogen-production-cost-pem-electrolyzer.pdf?sfvrsn=8cb10889_1#:~:text=This%20Record%20shows%20that%20the,factors%20of%2050%2D75%25",Meaning of scenario and financial case: https://atb.nrel.gov/electricity/2024/definitions#scenarios,R&D,Advanced,
90,PEM electrolyzer small size,investment,2020,2599,USD_2022/kW,2022,"ICCT IRA e-fuels assumptions, https://theicct.org/wp-content/uploads/2022/02/fuels-eu-cost-renew-H-produced-onsite-H-refueling-stations-europe-feb22.pdf adjusted according to DOE observations https://www.hydrogen.energy.gov/docs/hydrogenprogramlibraries/pdfs/24005-clean-hydrogen-production-cost-pem-electrolyzer.pdf?sfvrsn=8cb10889_1#:~:text=This%20Record%20shows%20that%20the,factors%20of%2050%2D75%25",Meaning of scenario and financial case: https://atb.nrel.gov/electricity/2024/definitions#scenarios,R&D,Advanced,
91,PEM electrolyzer small size,investment,2030,2062,USD_2022/kW,2022,"ICCT IRA e-fuels assumptions, https://theicct.org/wp-content/uploads/2022/02/fuels-eu-cost-renew-H-produced-onsite-H-refueling-stations-europe-feb22.pdf adjusted according to DOE observations https://www.hydrogen.energy.gov/docs/hydrogenprogramlibraries/pdfs/24005-clean-hydrogen-production-cost-pem-electrolyzer.pdf?sfvrsn=8cb10889_1#:~:text=This%20Record%20shows%20that%20the,factors%20of%2050%2D75%25",Meaning of scenario and financial case: https://atb.nrel.gov/electricity/2024/definitions#scenarios,R&D,Advanced,
92,PEM electrolyzer small size,investment,2040,1646,USD_2022/kW,2022,"ICCT IRA e-fuels assumptions, https://theicct.org/wp-content/uploads/2022/02/fuels-eu-cost-renew-H-produced-onsite-H-refueling-stations-europe-feb22.pdf adjusted according to DOE observations https://www.hydrogen.energy.gov/docs/hydrogenprogramlibraries/pdfs/24005-clean-hydrogen-production-cost-pem-electrolyzer.pdf?sfvrsn=8cb10889_1#:~:text=This%20Record%20shows%20that%20the,factors%20of%2050%2D75%25",Meaning of scenario and financial case: https://atb.nrel.gov/electricity/2024/definitions#scenarios,R&D,Advanced,
93,PEM electrolyzer small size,investment,2050,1322,USD_2022/kW,2022,"ICCT IRA e-fuels assumptions, https://theicct.org/wp-content/uploads/2022/02/fuels-eu-cost-renew-H-produced-onsite-H-refueling-stations-europe-feb22.pdf adjusted according to DOE observations https://www.hydrogen.energy.gov/docs/hydrogenprogramlibraries/pdfs/24005-clean-hydrogen-production-cost-pem-electrolyzer.pdf?sfvrsn=8cb10889_1#:~:text=This%20Record%20shows%20that%20the,factors%20of%2050%2D75%25",Meaning of scenario and financial case: https://atb.nrel.gov/electricity/2024/definitions#scenarios,R&D,Advanced,
94,SOEC,investment,2020,2851,USD_2022/kW,2022,"ICCT IRA e-fuels assumptions, https://theicct.org/wp-content/uploads/2022/02/fuels-eu-cost-renew-H-produced-onsite-H-refueling-stations-europe-feb22.pdf adjusted according to DOE observations https://www.hydrogen.energy.gov/docs/hydrogenprogramlibraries/pdfs/24005-clean-hydrogen-production-cost-pem-electrolyzer.pdf?sfvrsn=8cb10889_1#:~:text=This%20Record%20shows%20that%20the,factors%20of%2050%2D75%25",Meaning of scenario and financial case: https://atb.nrel.gov/electricity/2024/definitions#scenarios,R&D,Advanced,
95,SOEC,investment,2030,2258,USD_2022/kW,2022,"ICCT IRA e-fuels assumptions, https://theicct.org/wp-content/uploads/2022/02/fuels-eu-cost-renew-H-produced-onsite-H-refueling-stations-europe-feb22.pdf adjusted according to DOE observations https://www.hydrogen.energy.gov/docs/hydrogenprogramlibraries/pdfs/24005-clean-hydrogen-production-cost-pem-electrolyzer.pdf?sfvrsn=8cb10889_1#:~:text=This%20Record%20shows%20that%20the,factors%20of%2050%2D75%25",Meaning of scenario and financial case: https://atb.nrel.gov/electricity/2024/definitions#scenarios,R&D,Advanced,
96,SOEC,investment,2040,1797,USD_2022/kW,2022,"ICCT IRA e-fuels assumptions, https://theicct.org/wp-content/uploads/2022/02/fuels-eu-cost-renew-H-produced-onsite-H-refueling-stations-europe-feb22.pdf adjusted according to DOE observations https://www.hydrogen.energy.gov/docs/hydrogenprogramlibraries/pdfs/24005-clean-hydrogen-production-cost-pem-electrolyzer.pdf?sfvrsn=8cb10889_1#:~:text=This%20Record%20shows%20that%20the,factors%20of%2050%2D75%25",Meaning of scenario and financial case: https://atb.nrel.gov/electricity/2024/definitions#scenarios,R&D,Advanced,
97,SOEC,investment,2050,1440,USD_2022/kW,2022,"ICCT IRA e-fuels assumptions, https://theicct.org/wp-content/uploads/2022/02/fuels-eu-cost-renew-H-produced-onsite-H-refueling-stations-europe-feb22.pdf adjusted according to DOE observations https://www.hydrogen.energy.gov/docs/hydrogenprogramlibraries/pdfs/24005-clean-hydrogen-production-cost-pem-electrolyzer.pdf?sfvrsn=8cb10889_1#:~:text=This%20Record%20shows%20that%20the,factors%20of%2050%2D75%25",Meaning of scenario and financial case: https://atb.nrel.gov/electricity/2024/definitions#scenarios,R&D,Advanced,
98,Alkaline electrolyzer large size,investment,2020,1671,USD_2022/kW,2022,"ICCT IRA e-fuels assumptions, https://theicct.org/wp-content/uploads/2022/02/fuels-eu-cost-renew-H-produced-onsite-H-refueling-stations-europe-feb22.pdf adjusted according to DOE observations https://www.hydrogen.energy.gov/docs/hydrogenprogramlibraries/pdfs/24005-clean-hydrogen-production-cost-pem-electrolyzer.pdf?sfvrsn=8cb10889_1#:~:text=This%20Record%20shows%20that%20the,factors%20of%2050%2D75%25",Meaning of scenario and financial case: https://atb.nrel.gov/electricity/2024/definitions#scenarios,Market,Moderate,
99,Alkaline electrolyzer large size,investment,2030,1402,USD_2022/kW,2022,"ICCT IRA e-fuels assumptions, https://theicct.org/wp-content/uploads/2022/02/fuels-eu-cost-renew-H-produced-onsite-H-refueling-stations-europe-feb22.pdf adjusted according to DOE observations https://www.hydrogen.energy.gov/docs/hydrogenprogramlibraries/pdfs/24005-clean-hydrogen-production-cost-pem-electrolyzer.pdf?sfvrsn=8cb10889_1#:~:text=This%20Record%20shows%20that%20the,factors%20of%2050%2D75%25",Meaning of scenario and financial case: https://atb.nrel.gov/electricity/2024/definitions#scenarios,Market,Moderate,
100,Alkaline electrolyzer large size,investment,2040,1182,USD_2022/kW,2022,"ICCT IRA e-fuels assumptions, https://theicct.org/wp-content/uploads/2022/02/fuels-eu-cost-renew-H-produced-onsite-H-refueling-stations-europe-feb22.pdf adjusted according to DOE observations https://www.hydrogen.energy.gov/docs/hydrogenprogramlibraries/pdfs/24005-clean-hydrogen-production-cost-pem-electrolyzer.pdf?sfvrsn=8cb10889_1#:~:text=This%20Record%20shows%20that%20the,factors%20of%2050%2D75%25",Meaning of scenario and financial case: https://atb.nrel.gov/electricity/2024/definitions#scenarios,Market,Moderate,
101,Alkaline electrolyzer large size,investment,2050,1002,USD_2022/kW,2022,"ICCT IRA e-fuels assumptions, https://theicct.org/wp-content/uploads/2022/02/fuels-eu-cost-renew-H-produced-onsite-H-refueling-stations-europe-feb22.pdf adjusted according to DOE observations https://www.hydrogen.energy.gov/docs/hydrogenprogramlibraries/pdfs/24005-clean-hydrogen-production-cost-pem-electrolyzer.pdf?sfvrsn=8cb10889_1#:~:text=This%20Record%20shows%20that%20the,factors%20of%2050%2D75%25",Meaning of scenario and financial case: https://atb.nrel.gov/electricity/2024/definitions#scenarios,Market,Moderate,
102,PEM electrolyzer small size,investment,2020,2599,USD_2022/kW,2022,"ICCT IRA e-fuels assumptions, https://theicct.org/wp-content/uploads/2022/02/fuels-eu-cost-renew-H-produced-onsite-H-refueling-stations-europe-feb22.pdf adjusted according to DOE observations https://www.hydrogen.energy.gov/docs/hydrogenprogramlibraries/pdfs/24005-clean-hydrogen-production-cost-pem-electrolyzer.pdf?sfvrsn=8cb10889_1#:~:text=This%20Record%20shows%20that%20the,factors%20of%2050%2D75%25",Meaning of scenario and financial case: https://atb.nrel.gov/electricity/2024/definitions#scenarios,Market,Moderate,
103,PEM electrolyzer small size,investment,2030,2160,USD_2022/kW,2022,"ICCT IRA e-fuels assumptions, https://theicct.org/wp-content/uploads/2022/02/fuels-eu-cost-renew-H-produced-onsite-H-refueling-stations-europe-feb22.pdf adjusted according to DOE observations https://www.hydrogen.energy.gov/docs/hydrogenprogramlibraries/pdfs/24005-clean-hydrogen-production-cost-pem-electrolyzer.pdf?sfvrsn=8cb10889_1#:~:text=This%20Record%20shows%20that%20the,factors%20of%2050%2D75%25",Meaning of scenario and financial case: https://atb.nrel.gov/electricity/2024/definitions#scenarios,Market,Moderate,
104,PEM electrolyzer small size,investment,2040,1802,USD_2022/kW,2022,"ICCT IRA e-fuels assumptions, https://theicct.org/wp-content/uploads/2022/02/fuels-eu-cost-renew-H-produced-onsite-H-refueling-stations-europe-feb22.pdf adjusted according to DOE observations https://www.hydrogen.energy.gov/docs/hydrogenprogramlibraries/pdfs/24005-clean-hydrogen-production-cost-pem-electrolyzer.pdf?sfvrsn=8cb10889_1#:~:text=This%20Record%20shows%20that%20the,factors%20of%2050%2D75%25",Meaning of scenario and financial case: https://atb.nrel.gov/electricity/2024/definitions#scenarios,Market,Moderate,
105,PEM electrolyzer small size,investment,2050,1509,USD_2022/kW,2022,"ICCT IRA e-fuels assumptions, https://theicct.org/wp-content/uploads/2022/02/fuels-eu-cost-renew-H-produced-onsite-H-refueling-stations-europe-feb22.pdf adjusted according to DOE observations https://www.hydrogen.energy.gov/docs/hydrogenprogramlibraries/pdfs/24005-clean-hydrogen-production-cost-pem-electrolyzer.pdf?sfvrsn=8cb10889_1#:~:text=This%20Record%20shows%20that%20the,factors%20of%2050%2D75%25",Meaning of scenario and financial case: https://atb.nrel.gov/electricity/2024/definitions#scenarios,Market,Moderate,
106,SOEC,investment,2020,2851,USD_2022/kW,2022,"ICCT IRA e-fuels assumptions, https://theicct.org/wp-content/uploads/2022/02/fuels-eu-cost-renew-H-produced-onsite-H-refueling-stations-europe-feb22.pdf adjusted according to DOE observations https://www.hydrogen.energy.gov/docs/hydrogenprogramlibraries/pdfs/24005-clean-hydrogen-production-cost-pem-electrolyzer.pdf?sfvrsn=8cb10889_1#:~:text=This%20Record%20shows%20that%20the,factors%20of%2050%2D75%25",Meaning of scenario and financial case: https://atb.nrel.gov/electricity/2024/definitions#scenarios,Market,Moderate,
107,SOEC,investment,2030,2366,USD_2022/kW,2022,"ICCT IRA e-fuels assumptions, https://theicct.org/wp-content/uploads/2022/02/fuels-eu-cost-renew-H-produced-onsite-H-refueling-stations-europe-feb22.pdf adjusted according to DOE observations https://www.hydrogen.energy.gov/docs/hydrogenprogramlibraries/pdfs/24005-clean-hydrogen-production-cost-pem-electrolyzer.pdf?sfvrsn=8cb10889_1#:~:text=This%20Record%20shows%20that%20the,factors%20of%2050%2D75%25",Meaning of scenario and financial case: https://atb.nrel.gov/electricity/2024/definitions#scenarios,Market,Moderate,
108,SOEC,investment,2040,1970,USD_2022/kW,2022,"ICCT IRA e-fuels assumptions, https://theicct.org/wp-content/uploads/2022/02/fuels-eu-cost-renew-H-produced-onsite-H-refueling-stations-europe-feb22.pdf adjusted according to DOE observations https://www.hydrogen.energy.gov/docs/hydrogenprogramlibraries/pdfs/24005-clean-hydrogen-production-cost-pem-electrolyzer.pdf?sfvrsn=8cb10889_1#:~:text=This%20Record%20shows%20that%20the,factors%20of%2050%2D75%25",Meaning of scenario and financial case: https://atb.nrel.gov/electricity/2024/definitions#scenarios,Market,Moderate,
109,SOEC,investment,2050,1646,USD_2022/kW,2022,"ICCT IRA e-fuels assumptions, https://theicct.org/wp-content/uploads/2022/02/fuels-eu-cost-renew-H-produced-onsite-H-refueling-stations-europe-feb22.pdf adjusted according to DOE observations https://www.hydrogen.energy.gov/docs/hydrogenprogramlibraries/pdfs/24005-clean-hydrogen-production-cost-pem-electrolyzer.pdf?sfvrsn=8cb10889_1#:~:text=This%20Record%20shows%20that%20the,factors%20of%2050%2D75%25",Meaning of scenario and financial case: https://atb.nrel.gov/electricity/2024/definitions#scenarios,Market,Moderate,
110,Alkaline electrolyzer large size,investment,2020,1671,USD_2022/kW,2022,"ICCT IRA e-fuels assumptions, https://theicct.org/wp-content/uploads/2022/02/fuels-eu-cost-renew-H-produced-onsite-H-refueling-stations-europe-feb22.pdf adjusted according to DOE observations https://www.hydrogen.energy.gov/docs/hydrogenprogramlibraries/pdfs/24005-clean-hydrogen-production-cost-pem-electrolyzer.pdf?sfvrsn=8cb10889_1#:~:text=This%20Record%20shows%20that%20the,factors%20of%2050%2D75%25",Meaning of scenario and financial case: https://atb.nrel.gov/electricity/2024/definitions#scenarios,Market,Conservative,
111,Alkaline electrolyzer large size,investment,2030,1599,USD_2022/kW,2022,"ICCT IRA e-fuels assumptions, https://theicct.org/wp-content/uploads/2022/02/fuels-eu-cost-renew-H-produced-onsite-H-refueling-stations-europe-feb22.pdf adjusted according to DOE observations https://www.hydrogen.energy.gov/docs/hydrogenprogramlibraries/pdfs/24005-clean-hydrogen-production-cost-pem-electrolyzer.pdf?sfvrsn=8cb10889_1#:~:text=This%20Record%20shows%20that%20the,factors%20of%2050%2D75%25",Meaning of scenario and financial case: https://atb.nrel.gov/electricity/2024/definitions#scenarios,Market,Conservative,
112,Alkaline electrolyzer large size,investment,2040,1531,USD_2022/kW,2022,"ICCT IRA e-fuels assumptions, https://theicct.org/wp-content/uploads/2022/02/fuels-eu-cost-renew-H-produced-onsite-H-refueling-stations-europe-feb22.pdf adjusted according to DOE observations https://www.hydrogen.energy.gov/docs/hydrogenprogramlibraries/pdfs/24005-clean-hydrogen-production-cost-pem-electrolyzer.pdf?sfvrsn=8cb10889_1#:~:text=This%20Record%20shows%20that%20the,factors%20of%2050%2D75%25",Meaning of scenario and financial case: https://atb.nrel.gov/electricity/2024/definitions#scenarios,Market,Conservative,
113,Alkaline electrolyzer large size,investment,2050,1466,USD_2022/kW,2022,"ICCT IRA e-fuels assumptions, https://theicct.org/wp-content/uploads/2022/02/fuels-eu-cost-renew-H-produced-onsite-H-refueling-stations-europe-feb22.pdf adjusted according to DOE observations https://www.hydrogen.energy.gov/docs/hydrogenprogramlibraries/pdfs/24005-clean-hydrogen-production-cost-pem-electrolyzer.pdf?sfvrsn=8cb10889_1#:~:text=This%20Record%20shows%20that%20the,factors%20of%2050%2D75%25",Meaning of scenario and financial case: https://atb.nrel.gov/electricity/2024/definitions#scenarios,Market,Conservative,
114,PEM electrolyzer small size,investment,2020,2599,USD_2022/kW,2022,"ICCT IRA e-fuels assumptions, https://theicct.org/wp-content/uploads/2022/02/fuels-eu-cost-renew-H-produced-onsite-H-refueling-stations-europe-feb22.pdf adjusted according to DOE observations https://www.hydrogen.energy.gov/docs/hydrogenprogramlibraries/pdfs/24005-clean-hydrogen-production-cost-pem-electrolyzer.pdf?sfvrsn=8cb10889_1#:~:text=This%20Record%20shows%20that%20the,factors%20of%2050%2D75%25",Meaning of scenario and financial case: https://atb.nrel.gov/electricity/2024/definitions#scenarios,Market,Conservative,
115,PEM electrolyzer small size,investment,2030,2160,USD_2022/kW,2022,"ICCT IRA e-fuels assumptions, https://theicct.org/wp-content/uploads/2022/02/fuels-eu-cost-renew-H-produced-onsite-H-refueling-stations-europe-feb22.pdf adjusted according to DOE observations https://www.hydrogen.energy.gov/docs/hydrogenprogramlibraries/pdfs/24005-clean-hydrogen-production-cost-pem-electrolyzer.pdf?sfvrsn=8cb10889_1#:~:text=This%20Record%20shows%20that%20the,factors%20of%2050%2D75%25",Meaning of scenario and financial case: https://atb.nrel.gov/electricity/2024/definitions#scenarios,Market,Conservative,
116,PEM electrolyzer small size,investment,2040,1802,USD_2022/kW,2022,"ICCT IRA e-fuels assumptions, https://theicct.org/wp-content/uploads/2022/02/fuels-eu-cost-renew-H-produced-onsite-H-refueling-stations-europe-feb22.pdf adjusted according to DOE observations https://www.hydrogen.energy.gov/docs/hydrogenprogramlibraries/pdfs/24005-clean-hydrogen-production-cost-pem-electrolyzer.pdf?sfvrsn=8cb10889_1#:~:text=This%20Record%20shows%20that%20the,factors%20of%2050%2D75%25",Meaning of scenario and financial case: https://atb.nrel.gov/electricity/2024/definitions#scenarios,Market,Conservative,
117,PEM electrolyzer small size,investment,2050,1509,USD_2022/kW,2022,"ICCT IRA e-fuels assumptions, https://theicct.org/wp-content/uploads/2022/02/fuels-eu-cost-renew-H-produced-onsite-H-refueling-stations-europe-feb22.pdf adjusted according to DOE observations https://www.hydrogen.energy.gov/docs/hydrogenprogramlibraries/pdfs/24005-clean-hydrogen-production-cost-pem-electrolyzer.pdf?sfvrsn=8cb10889_1#:~:text=This%20Record%20shows%20that%20the,factors%20of%2050%2D75%25",Meaning of scenario and financial case: https://atb.nrel.gov/electricity/2024/definitions#scenarios,Market,Conservative,
118,SOEC,investment,2020,2851,USD_2022/kW,2022,"ICCT IRA e-fuels assumptions, https://theicct.org/wp-content/uploads/2022/02/fuels-eu-cost-renew-H-produced-onsite-H-refueling-stations-europe-feb22.pdf adjusted according to DOE observations https://www.hydrogen.energy.gov/docs/hydrogenprogramlibraries/pdfs/24005-clean-hydrogen-production-cost-pem-electrolyzer.pdf?sfvrsn=8cb10889_1#:~:text=This%20Record%20shows%20that%20the,factors%20of%2050%2D75%25",Meaning of scenario and financial case: https://atb.nrel.gov/electricity/2024/definitions#scenarios,Market,Conservative,
119,SOEC,investment,2030,2721,USD_2022/kW,2022,"ICCT IRA e-fuels assumptions, https://theicct.org/wp-content/uploads/2022/02/fuels-eu-cost-renew-H-produced-onsite-H-refueling-stations-europe-feb22.pdf adjusted according to DOE observations https://www.hydrogen.energy.gov/docs/hydrogenprogramlibraries/pdfs/24005-clean-hydrogen-production-cost-pem-electrolyzer.pdf?sfvrsn=8cb10889_1#:~:text=This%20Record%20shows%20that%20the,factors%20of%2050%2D75%25",Meaning of scenario and financial case: https://atb.nrel.gov/electricity/2024/definitions#scenarios,Market,Conservative,
120,SOEC,investment,2040,2598,USD_2022/kW,2022,"ICCT IRA e-fuels assumptions, https://theicct.org/wp-content/uploads/2022/02/fuels-eu-cost-renew-H-produced-onsite-H-refueling-stations-europe-feb22.pdf adjusted according to DOE observations https://www.hydrogen.energy.gov/docs/hydrogenprogramlibraries/pdfs/24005-clean-hydrogen-production-cost-pem-electrolyzer.pdf?sfvrsn=8cb10889_1#:~:text=This%20Record%20shows%20that%20the,factors%20of%2050%2D75%25",Meaning of scenario and financial case: https://atb.nrel.gov/electricity/2024/definitions#scenarios,Market,Conservative,
121,SOEC,investment,2050,2481,USD_2022/kW,2022,"ICCT IRA e-fuels assumptions, https://theicct.org/wp-content/uploads/2022/02/fuels-eu-cost-renew-H-produced-onsite-H-refueling-stations-europe-feb22.pdf adjusted according to DOE observations https://www.hydrogen.energy.gov/docs/hydrogenprogramlibraries/pdfs/24005-clean-hydrogen-production-cost-pem-electrolyzer.pdf?sfvrsn=8cb10889_1#:~:text=This%20Record%20shows%20that%20the,factors%20of%2050%2D75%25",Meaning of scenario and financial case: https://atb.nrel.gov/electricity/2024/definitions#scenarios,Market,Conservative,
122,Alkaline electrolyzer large size,investment,2020,1671,USD_2022/kW,2022,"ICCT IRA e-fuels assumptions, https://theicct.org/wp-content/uploads/2022/02/fuels-eu-cost-renew-H-produced-onsite-H-refueling-stations-europe-feb22.pdf adjusted according to DOE observations https://www.hydrogen.energy.gov/docs/hydrogenprogramlibraries/pdfs/24005-clean-hydrogen-production-cost-pem-electrolyzer.pdf?sfvrsn=8cb10889_1#:~:text=This%20Record%20shows%20that%20the,factors%20of%2050%2D75%25",Meaning of scenario and financial case: https://atb.nrel.gov/electricity/2024/definitions#scenarios,Market,Advanced,
123,Alkaline electrolyzer large size,investment,2030,1342,USD_2022/kW,2022,"ICCT IRA e-fuels assumptions, https://theicct.org/wp-content/uploads/2022/02/fuels-eu-cost-renew-H-produced-onsite-H-refueling-stations-europe-feb22.pdf adjusted according to DOE observations https://www.hydrogen.energy.gov/docs/hydrogenprogramlibraries/pdfs/24005-clean-hydrogen-production-cost-pem-electrolyzer.pdf?sfvrsn=8cb10889_1#:~:text=This%20Record%20shows%20that%20the,factors%20of%2050%2D75%25",Meaning of scenario and financial case: https://atb.nrel.gov/electricity/2024/definitions#scenarios,Market,Advanced,
124,Alkaline electrolyzer large size,investment,2040,1086,USD_2022/kW,2022,"ICCT IRA e-fuels assumptions, https://theicct.org/wp-content/uploads/2022/02/fuels-eu-cost-renew-H-produced-onsite-H-refueling-stations-europe-feb22.pdf adjusted according to DOE observations https://www.hydrogen.energy.gov/docs/hydrogenprogramlibraries/pdfs/24005-clean-hydrogen-production-cost-pem-electrolyzer.pdf?sfvrsn=8cb10889_1#:~:text=This%20Record%20shows%20that%20the,factors%20of%2050%2D75%25",Meaning of scenario and financial case: https://atb.nrel.gov/electricity/2024/definitions#scenarios,Market,Advanced,
125,Alkaline electrolyzer large size,investment,2050,888,USD_2022/kW,2022,"ICCT IRA e-fuels assumptions, https://theicct.org/wp-content/uploads/2022/02/fuels-eu-cost-renew-H-produced-onsite-H-refueling-stations-europe-feb22.pdf adjusted according to DOE observations https://www.hydrogen.energy.gov/docs/hydrogenprogramlibraries/pdfs/24005-clean-hydrogen-production-cost-pem-electrolyzer.pdf?sfvrsn=8cb10889_1#:~:text=This%20Record%20shows%20that%20the,factors%20of%2050%2D75%25",Meaning of scenario and financial case: https://atb.nrel.gov/electricity/2024/definitions#scenarios,Market,Advanced,
126,PEM electrolyzer small size,investment,2020,2599,USD_2022/kW,2022,"ICCT IRA e-fuels assumptions, https://theicct.org/wp-content/uploads/2022/02/fuels-eu-cost-renew-H-produced-onsite-H-refueling-stations-europe-feb22.pdf adjusted according to DOE observations https://www.hydrogen.energy.gov/docs/hydrogenprogramlibraries/pdfs/24005-clean-hydrogen-production-cost-pem-electrolyzer.pdf?sfvrsn=8cb10889_1#:~:text=This%20Record%20shows%20that%20the,factors%20of%2050%2D75%25",Meaning of scenario and financial case: https://atb.nrel.gov/electricity/2024/definitions#scenarios,Market,Advanced,
127,PEM electrolyzer small size,investment,2030,2062,USD_2022/kW,2022,"ICCT IRA e-fuels assumptions, https://theicct.org/wp-content/uploads/2022/02/fuels-eu-cost-renew-H-produced-onsite-H-refueling-stations-europe-feb22.pdf adjusted according to DOE observations https://www.hydrogen.energy.gov/docs/hydrogenprogramlibraries/pdfs/24005-clean-hydrogen-production-cost-pem-electrolyzer.pdf?sfvrsn=8cb10889_1#:~:text=This%20Record%20shows%20that%20the,factors%20of%2050%2D75%25",Meaning of scenario and financial case: https://atb.nrel.gov/electricity/2024/definitions#scenarios,Market,Advanced,
128,PEM electrolyzer small size,investment,2040,1646,USD_2022/kW,2022,"ICCT IRA e-fuels assumptions, https://theicct.org/wp-content/uploads/2022/02/fuels-eu-cost-renew-H-produced-onsite-H-refueling-stations-europe-feb22.pdf adjusted according to DOE observations https://www.hydrogen.energy.gov/docs/hydrogenprogramlibraries/pdfs/24005-clean-hydrogen-production-cost-pem-electrolyzer.pdf?sfvrsn=8cb10889_1#:~:text=This%20Record%20shows%20that%20the,factors%20of%2050%2D75%25",Meaning of scenario and financial case: https://atb.nrel.gov/electricity/2024/definitions#scenarios,Market,Advanced,
129,PEM electrolyzer small size,investment,2050,1322,USD_2022/kW,2022,"ICCT IRA e-fuels assumptions, https://theicct.org/wp-content/uploads/2022/02/fuels-eu-cost-renew-H-produced-onsite-H-refueling-stations-europe-feb22.pdf adjusted according to DOE observations https://www.hydrogen.energy.gov/docs/hydrogenprogramlibraries/pdfs/24005-clean-hydrogen-production-cost-pem-electrolyzer.pdf?sfvrsn=8cb10889_1#:~:text=This%20Record%20shows%20that%20the,factors%20of%2050%2D75%25",Meaning of scenario and financial case: https://atb.nrel.gov/electricity/2024/definitions#scenarios,Market,Advanced,
130,SOEC,investment,2020,2851,USD_2022/kW,2022,"ICCT IRA e-fuels assumptions, https://theicct.org/wp-content/uploads/2022/02/fuels-eu-cost-renew-H-produced-onsite-H-refueling-stations-europe-feb22.pdf adjusted according to DOE observations https://www.hydrogen.energy.gov/docs/hydrogenprogramlibraries/pdfs/24005-clean-hydrogen-production-cost-pem-electrolyzer.pdf?sfvrsn=8cb10889_1#:~:text=This%20Record%20shows%20that%20the,factors%20of%2050%2D75%25",Meaning of scenario and financial case: https://atb.nrel.gov/electricity/2024/definitions#scenarios,Market,Advanced,
131,SOEC,investment,2030,2258,USD_2022/kW,2022,"ICCT IRA e-fuels assumptions, https://theicct.org/wp-content/uploads/2022/02/fuels-eu-cost-renew-H-produced-onsite-H-refueling-stations-europe-feb22.pdf adjusted according to DOE observations https://www.hydrogen.energy.gov/docs/hydrogenprogramlibraries/pdfs/24005-clean-hydrogen-production-cost-pem-electrolyzer.pdf?sfvrsn=8cb10889_1#:~:text=This%20Record%20shows%20that%20the,factors%20of%2050%2D75%25",Meaning of scenario and financial case: https://atb.nrel.gov/electricity/2024/definitions#scenarios,Market,Advanced,
132,SOEC,investment,2040,1797,USD_2022/kW,2022,"ICCT IRA e-fuels assumptions, https://theicct.org/wp-content/uploads/2022/02/fuels-eu-cost-renew-H-produced-onsite-H-refueling-stations-europe-feb22.pdf adjusted according to DOE observations https://www.hydrogen.energy.gov/docs/hydrogenprogramlibraries/pdfs/24005-clean-hydrogen-production-cost-pem-electrolyzer.pdf?sfvrsn=8cb10889_1#:~:text=This%20Record%20shows%20that%20the,factors%20of%2050%2D75%25",Meaning of scenario and financial case: https://atb.nrel.gov/electricity/2024/definitions#scenarios,Market,Advanced,
133,SOEC,investment,2050,1440,USD_2022/kW,2022,"ICCT IRA e-fuels assumptions, https://theicct.org/wp-content/uploads/2022/02/fuels-eu-cost-renew-H-produced-onsite-H-refueling-stations-europe-feb22.pdf adjusted according to DOE observations https://www.hydrogen.energy.gov/docs/hydrogenprogramlibraries/pdfs/24005-clean-hydrogen-production-cost-pem-electrolyzer.pdf?sfvrsn=8cb10889_1#:~:text=This%20Record%20shows%20that%20the,factors%20of%2050%2D75%25",Meaning of scenario and financial case: https://atb.nrel.gov/electricity/2024/definitions#scenarios,Market,Advanced,
134,Alkaline electrolyzer large size,FOM,2020,4,%/year,2022,ICCT IRA e-fuels assumptions ,Meaning of scenario and financial case: https://atb.nrel.gov/electricity/2024/definitions#scenarios,R&D,Moderate,
135,Alkaline electrolyzer large size,FOM,2030,4,%/year,2022,ICCT IRA e-fuels assumptions ,Meaning of scenario and financial case: https://atb.nrel.gov/electricity/2024/definitions#scenarios,R&D,Moderate,
136,Alkaline electrolyzer large size,FOM,2050,4,%/year,2022,ICCT IRA e-fuels assumptions ,Meaning of scenario and financial case: https://atb.nrel.gov/electricity/2024/definitions#scenarios,R&D,Moderate,
137,PEM electrolyzer small size,FOM,2020,4,%/year,2022,ICCT IRA e-fuels assumptions ,Meaning of scenario and financial case: https://atb.nrel.gov/electricity/2024/definitions#scenarios,R&D,Moderate,
138,PEM electrolyzer small size,FOM,2030,4,%/year,2022,ICCT IRA e-fuels assumptions ,Meaning of scenario and financial case: https://atb.nrel.gov/electricity/2024/definitions#scenarios,R&D,Moderate,
139,PEM electrolyzer small size,FOM,2050,4,%/year,2022,ICCT IRA e-fuels assumptions ,Meaning of scenario and financial case: https://atb.nrel.gov/electricity/2024/definitions#scenarios,R&D,Moderate,
140,SOEC,FOM,2020,4,%/year,2022,ICCT IRA e-fuels assumptions ,Meaning of scenario and financial case: https://atb.nrel.gov/electricity/2024/definitions#scenarios,R&D,Moderate,
141,SOEC,FOM,2030,4,%/year,2022,ICCT IRA e-fuels assumptions ,Meaning of scenario and financial case: https://atb.nrel.gov/electricity/2024/definitions#scenarios,R&D,Moderate,
142,SOEC,FOM,2050,4,%/year,2022,ICCT IRA e-fuels assumptions ,Meaning of scenario and financial case: https://atb.nrel.gov/electricity/2024/definitions#scenarios,R&D,Moderate,
143,Alkaline electrolyzer large size,FOM,2020,4,%/year,2022,ICCT IRA e-fuels assumptions ,Meaning of scenario and financial case: https://atb.nrel.gov/electricity/2024/definitions#scenarios,R&D,Conservative,
144,Alkaline electrolyzer large size,FOM,2030,4,%/year,2022,ICCT IRA e-fuels assumptions ,Meaning of scenario and financial case: https://atb.nrel.gov/electricity/2024/definitions#scenarios,R&D,Conservative,
145,Alkaline electrolyzer large size,FOM,2050,4,%/year,2022,ICCT IRA e-fuels assumptions ,Meaning of scenario and financial case: https://atb.nrel.gov/electricity/2024/definitions#scenarios,R&D,Conservative,
146,PEM electrolyzer small size,FOM,2020,4,%/year,2022,ICCT IRA e-fuels assumptions ,Meaning of scenario and financial case: https://atb.nrel.gov/electricity/2024/definitions#scenarios,R&D,Conservative,
147,PEM electrolyzer small size,FOM,2030,4,%/year,2022,ICCT IRA e-fuels assumptions ,Meaning of scenario and financial case: https://atb.nrel.gov/electricity/2024/definitions#scenarios,R&D,Conservative,
148,PEM electrolyzer small size,FOM,2050,4,%/year,2022,ICCT IRA e-fuels assumptions ,Meaning of scenario and financial case: https://atb.nrel.gov/electricity/2024/definitions#scenarios,R&D,Conservative,
149,SOEC,FOM,2020,4,%/year,2022,ICCT IRA e-fuels assumptions ,Meaning of scenario and financial case: https://atb.nrel.gov/electricity/2024/definitions#scenarios,R&D,Conservative,
150,SOEC,FOM,2030,4,%/year,2022,ICCT IRA e-fuels assumptions ,Meaning of scenario and financial case: https://atb.nrel.gov/electricity/2024/definitions#scenarios,R&D,Conservative,
151,SOEC,FOM,2050,4,%/year,2022,ICCT IRA e-fuels assumptions ,Meaning of scenario and financial case: https://atb.nrel.gov/electricity/2024/definitions#scenarios,R&D,Conservative,
152,Alkaline electrolyzer large size,FOM,2020,4,%/year,2022,ICCT IRA e-fuels assumptions ,Meaning of scenario and financial case: https://atb.nrel.gov/electricity/2024/definitions#scenarios,R&D,Advanced,
153,Alkaline electrolyzer large size,FOM,2030,4,%/year,2022,ICCT IRA e-fuels assumptions ,Meaning of scenario and financial case: https://atb.nrel.gov/electricity/2024/definitions#scenarios,R&D,Advanced,
154,Alkaline electrolyzer large size,FOM,2050,4,%/year,2022,ICCT IRA e-fuels assumptions ,Meaning of scenario and financial case: https://atb.nrel.gov/electricity/2024/definitions#scenarios,R&D,Advanced,
155,PEM electrolyzer small size,FOM,2020,4,%/year,2022,ICCT IRA e-fuels assumptions ,Meaning of scenario and financial case: https://atb.nrel.gov/electricity/2024/definitions#scenarios,R&D,Advanced,
156,PEM electrolyzer small size,FOM,2030,4,%/year,2022,ICCT IRA e-fuels assumptions ,Meaning of scenario and financial case: https://atb.nrel.gov/electricity/2024/definitions#scenarios,R&D,Advanced,
157,PEM electrolyzer small size,FOM,2050,4,%/year,2022,ICCT IRA e-fuels assumptions ,Meaning of scenario and financial case: https://atb.nrel.gov/electricity/2024/definitions#scenarios,R&D,Advanced,
158,SOEC,FOM,2020,4,%/year,2022,ICCT IRA e-fuels assumptions ,Meaning of scenario and financial case: https://atb.nrel.gov/electricity/2024/definitions#scenarios,R&D,Advanced,
159,SOEC,FOM,2030,4,%/year,2022,ICCT IRA e-fuels assumptions ,Meaning of scenario and financial case: https://atb.nrel.gov/electricity/2024/definitions#scenarios,R&D,Advanced,
160,SOEC,FOM,2050,4,%/year,2022,ICCT IRA e-fuels assumptions ,Meaning of scenario and financial case: https://atb.nrel.gov/electricity/2024/definitions#scenarios,R&D,Advanced,
161,Alkaline electrolyzer large size,FOM,2020,4,%/year,2022,ICCT IRA e-fuels assumptions ,Meaning of scenario and financial case: https://atb.nrel.gov/electricity/2024/definitions#scenarios,Market,Moderate,
162,Alkaline electrolyzer large size,FOM,2030,4,%/year,2022,ICCT IRA e-fuels assumptions ,Meaning of scenario and financial case: https://atb.nrel.gov/electricity/2024/definitions#scenarios,Market,Moderate,
163,Alkaline electrolyzer large size,FOM,2050,4,%/year,2022,ICCT IRA e-fuels assumptions ,Meaning of scenario and financial case: https://atb.nrel.gov/electricity/2024/definitions#scenarios,Market,Moderate,
164,PEM electrolyzer small size,FOM,2020,4,%/year,2022,ICCT IRA e-fuels assumptions ,Meaning of scenario and financial case: https://atb.nrel.gov/electricity/2024/definitions#scenarios,Market,Moderate,
165,PEM electrolyzer small size,FOM,2030,4,%/year,2022,ICCT IRA e-fuels assumptions ,Meaning of scenario and financial case: https://atb.nrel.gov/electricity/2024/definitions#scenarios,Market,Moderate,
166,PEM electrolyzer small size,FOM,2050,4,%/year,2022,ICCT IRA e-fuels assumptions ,Meaning of scenario and financial case: https://atb.nrel.gov/electricity/2024/definitions#scenarios,Market,Moderate,
167,SOEC,FOM,2020,4,%/year,2022,ICCT IRA e-fuels assumptions ,Meaning of scenario and financial case: https://atb.nrel.gov/electricity/2024/definitions#scenarios,Market,Moderate,
168,SOEC,FOM,2030,4,%/year,2022,ICCT IRA e-fuels assumptions ,Meaning of scenario and financial case: https://atb.nrel.gov/electricity/2024/definitions#scenarios,Market,Moderate,
169,SOEC,FOM,2050,4,%/year,2022,ICCT IRA e-fuels assumptions ,Meaning of scenario and financial case: https://atb.nrel.gov/electricity/2024/definitions#scenarios,Market,Moderate,
170,Alkaline electrolyzer large size,FOM,2020,4,%/year,2022,ICCT IRA e-fuels assumptions ,Meaning of scenario and financial case: https://atb.nrel.gov/electricity/2024/definitions#scenarios,Market,Conservative,
171,Alkaline electrolyzer large size,FOM,2030,4,%/year,2022,ICCT IRA e-fuels assumptions ,Meaning of scenario and financial case: https://atb.nrel.gov/electricity/2024/definitions#scenarios,Market,Conservative,
172,Alkaline electrolyzer large size,FOM,2050,4,%/year,2022,ICCT IRA e-fuels assumptions ,Meaning of scenario and financial case: https://atb.nrel.gov/electricity/2024/definitions#scenarios,Market,Conservative,
173,PEM electrolyzer small size,FOM,2020,4,%/year,2022,ICCT IRA e-fuels assumptions ,Meaning of scenario and financial case: https://atb.nrel.gov/electricity/2024/definitions#scenarios,Market,Conservative,
174,PEM electrolyzer small size,FOM,2030,4,%/year,2022,ICCT IRA e-fuels assumptions ,Meaning of scenario and financial case: https://atb.nrel.gov/electricity/2024/definitions#scenarios,Market,Conservative,
175,PEM electrolyzer small size,FOM,2050,4,%/year,2022,ICCT IRA e-fuels assumptions ,Meaning of scenario and financial case: https://atb.nrel.gov/electricity/2024/definitions#scenarios,Market,Conservative,
176,SOEC,FOM,2020,4,%/year,2022,ICCT IRA e-fuels assumptions ,Meaning of scenario and financial case: https://atb.nrel.gov/electricity/2024/definitions#scenarios,Market,Conservative,
177,SOEC,FOM,2030,4,%/year,2022,ICCT IRA e-fuels assumptions ,Meaning of scenario and financial case: https://atb.nrel.gov/electricity/2024/definitions#scenarios,Market,Conservative,
178,SOEC,FOM,2050,4,%/year,2022,ICCT IRA e-fuels assumptions ,Meaning of scenario and financial case: https://atb.nrel.gov/electricity/2024/definitions#scenarios,Market,Conservative,
179,Alkaline electrolyzer large size,FOM,2020,4,%/year,2022,ICCT IRA e-fuels assumptions ,Meaning of scenario and financial case: https://atb.nrel.gov/electricity/2024/definitions#scenarios,Market,Advanced,
180,Alkaline electrolyzer large size,FOM,2030,4,%/year,2022,ICCT IRA e-fuels assumptions ,Meaning of scenario and financial case: https://atb.nrel.gov/electricity/2024/definitions#scenarios,Market,Advanced,
181,Alkaline electrolyzer large size,FOM,2050,4,%/year,2022,ICCT IRA e-fuels assumptions ,Meaning of scenario and financial case: https://atb.nrel.gov/electricity/2024/definitions#scenarios,Market,Advanced,
182,PEM electrolyzer small size,FOM,2020,4,%/year,2022,ICCT IRA e-fuels assumptions ,Meaning of scenario and financial case: https://atb.nrel.gov/electricity/2024/definitions#scenarios,Market,Advanced,
183,PEM electrolyzer small size,FOM,2030,4,%/year,2022,ICCT IRA e-fuels assumptions ,Meaning of scenario and financial case: https://atb.nrel.gov/electricity/2024/definitions#scenarios,Market,Advanced,
184,PEM electrolyzer small size,FOM,2050,4,%/year,2022,ICCT IRA e-fuels assumptions ,Meaning of scenario and financial case: https://atb.nrel.gov/electricity/2024/definitions#scenarios,Market,Advanced,
185,SOEC,FOM,2020,4,%/year,2022,ICCT IRA e-fuels assumptions ,Meaning of scenario and financial case: https://atb.nrel.gov/electricity/2024/definitions#scenarios,Market,Advanced,
186,SOEC,FOM,2030,4,%/year,2022,ICCT IRA e-fuels assumptions ,Meaning of scenario and financial case: https://atb.nrel.gov/electricity/2024/definitions#scenarios,Market,Advanced,
187,SOEC,FOM,2050,4,%/year,2022,ICCT IRA e-fuels assumptions ,Meaning of scenario and financial case: https://atb.nrel.gov/electricity/2024/definitions#scenarios,Market,Advanced,
188,battery storage,investment,2022,405.4,USD_2022/kWh,2022,"NREL, 2024 ATB Excel Workbook, Sheet “Utility-Scale Battery Storage”, https://data.openei.org/files/6006/2024_v3_Workbook.xlsx",Includes grid connection and project financing costs; Meaning of scenario and financial case: https://atb.nrel.gov/electricity/2024/definitions#scenarios,R&D,Moderate,
189,battery storage,investment,2030,254.8,USD_2022/kWh,2022,"NREL, 2024 ATB Excel Workbook, Sheet “Utility-Scale Battery Storage”, https://data.openei.org/files/6006/2024_v3_Workbook.xlsx",Includes grid connection and project financing costs; Meaning of scenario and financial case: https://atb.nrel.gov/electricity/2024/definitions#scenarios,R&D,Moderate,
190,battery storage,investment,2040,208.6,USD_2022/kWh,2022,"NREL, 2024 ATB Excel Workbook, Sheet “Utility-Scale Battery Storage”, https://data.openei.org/files/6006/2024_v3_Workbook.xlsx",Includes grid connection and project financing costs; Meaning of scenario and financial case: https://atb.nrel.gov/electricity/2024/definitions#scenarios,R&D,Moderate,
191,battery storage,investment,2050,163,USD_2022/kWh,2022,"NREL, 2024 ATB Excel Workbook, Sheet “Utility-Scale Battery Storage”, https://data.openei.org/files/6006/2024_v3_Workbook.xlsx",Includes grid connection and project financing costs; Meaning of scenario and financial case: https://atb.nrel.gov/electricity/2024/definitions#scenarios,R&D,Moderate,
192,battery storage,investment,2022,405.4,USD_2022/kWh,2022,"NREL, 2024 ATB Excel Workbook, Sheet “Utility-Scale Battery Storage”, https://data.openei.org/files/6006/2024_v3_Workbook.xlsx",Includes grid connection and project financing costs; Meaning of scenario and financial case: https://atb.nrel.gov/electricity/2024/definitions#scenarios,R&D,Conservative,
193,battery storage,investment,2030,330.4,USD_2022/kWh,2022,"NREL, 2024 ATB Excel Workbook, Sheet “Utility-Scale Battery Storage”, https://data.openei.org/files/6006/2024_v3_Workbook.xlsx",Includes grid connection and project financing costs; Meaning of scenario and financial case: https://atb.nrel.gov/electricity/2024/definitions#scenarios,R&D,Conservative,
194,battery storage,investment,2040,307.8,USD_2022/kWh,2022,"NREL, 2024 ATB Excel Workbook, Sheet “Utility-Scale Battery Storage”, https://data.openei.org/files/6006/2024_v3_Workbook.xlsx",Includes grid connection and project financing costs; Meaning of scenario and financial case: https://atb.nrel.gov/electricity/2024/definitions#scenarios,R&D,Conservative,
195,battery storage,investment,2050,285.2,USD_2022/kWh,2022,"NREL, 2024 ATB Excel Workbook, Sheet “Utility-Scale Battery Storage”, https://data.openei.org/files/6006/2024_v3_Workbook.xlsx",Includes grid connection and project financing costs; Meaning of scenario and financial case: https://atb.nrel.gov/electricity/2024/definitions#scenarios,R&D,Conservative,
196,battery storage,investment,2022,405.4,USD_2022/kWh,2022,"NREL, 2024 ATB Excel Workbook, Sheet “Utility-Scale Battery Storage”, https://data.openei.org/files/6006/2024_v3_Workbook.xlsx",Includes grid connection and project financing costs; Meaning of scenario and financial case: https://atb.nrel.gov/electricity/2024/definitions#scenarios,R&D,Advanced,
197,battery storage,investment,2030,205.8,USD_2022/kWh,2022,"NREL, 2024 ATB Excel Workbook, Sheet “Utility-Scale Battery Storage”, https://data.openei.org/files/6006/2024_v3_Workbook.xlsx",Includes grid connection and project financing costs; Meaning of scenario and financial case: https://atb.nrel.gov/electricity/2024/definitions#scenarios,R&D,Advanced,
198,battery storage,investment,2040,169.5,USD_2022/kWh,2022,"NREL, 2024 ATB Excel Workbook, Sheet “Utility-Scale Battery Storage”, https://data.openei.org/files/6006/2024_v3_Workbook.xlsx",Includes grid connection and project financing costs; Meaning of scenario and financial case: https://atb.nrel.gov/electricity/2024/definitions#scenarios,R&D,Advanced,
199,battery storage,investment,2050,134,USD_2022/kWh,2022,"NREL, 2024 ATB Excel Workbook, Sheet “Utility-Scale Battery Storage”, https://data.openei.org/files/6006/2024_v3_Workbook.xlsx",Includes grid connection and project financing costs; Meaning of scenario and financial case: https://atb.nrel.gov/electricity/2024/definitions#scenarios,R&D,Advanced,
200,battery storage,investment,2022,405.4,USD_2022/kWh,2022,"NREL, 2024 ATB Excel Workbook, Sheet “Utility-Scale Battery Storage”, https://data.openei.org/files/6006/2024_v3_Workbook.xlsx",Includes grid connection and project financing costs; Meaning of scenario and financial case: https://atb.nrel.gov/electricity/2024/definitions#scenarios,Market,Moderate,
201,battery storage,investment,2030,254.8,USD_2022/kWh,2022,"NREL, 2024 ATB Excel Workbook, Sheet “Utility-Scale Battery Storage”, https://data.openei.org/files/6006/2024_v3_Workbook.xlsx",Includes grid connection and project financing costs; Meaning of scenario and financial case: https://atb.nrel.gov/electricity/2024/definitions#scenarios,Market,Moderate,
202,battery storage,investment,2040,208.6,USD_2022/kWh,2022,"NREL, 2024 ATB Excel Workbook, Sheet “Utility-Scale Battery Storage”, https://data.openei.org/files/6006/2024_v3_Workbook.xlsx",Includes grid connection and project financing costs; Meaning of scenario and financial case: https://atb.nrel.gov/electricity/2024/definitions#scenarios,Market,Moderate,
203,battery storage,investment,2050,163,USD_2022/kWh,2022,"NREL, 2024 ATB Excel Workbook, Sheet “Utility-Scale Battery Storage”, https://data.openei.org/files/6006/2024_v3_Workbook.xlsx",Includes grid connection and project financing costs; Meaning of scenario and financial case: https://atb.nrel.gov/electricity/2024/definitions#scenarios,Market,Moderate,
204,battery storage,investment,2022,405.4,USD_2022/kWh,2022,"NREL, 2024 ATB Excel Workbook, Sheet “Utility-Scale Battery Storage”, https://data.openei.org/files/6006/2024_v3_Workbook.xlsx",Includes grid connection and project financing costs; Meaning of scenario and financial case: https://atb.nrel.gov/electricity/2024/definitions#scenarios,Market,Conservative,
205,battery storage,investment,2030,330.4,USD_2022/kWh,2022,"NREL, 2024 ATB Excel Workbook, Sheet “Utility-Scale Battery Storage”, https://data.openei.org/files/6006/2024_v3_Workbook.xlsx",Includes grid connection and project financing costs; Meaning of scenario and financial case: https://atb.nrel.gov/electricity/2024/definitions#scenarios,Market,Conservative,
206,battery storage,investment,2040,307.8,USD_2022/kWh,2022,"NREL, 2024 ATB Excel Workbook, Sheet “Utility-Scale Battery Storage”, https://data.openei.org/files/6006/2024_v3_Workbook.xlsx",Includes grid connection and project financing costs; Meaning of scenario and financial case: https://atb.nrel.gov/electricity/2024/definitions#scenarios,Market,Conservative,
207,battery storage,investment,2050,285.2,USD_2022/kWh,2022,"NREL, 2024 ATB Excel Workbook, Sheet “Utility-Scale Battery Storage”, https://data.openei.org/files/6006/2024_v3_Workbook.xlsx",Includes grid connection and project financing costs; Meaning of scenario and financial case: https://atb.nrel.gov/electricity/2024/definitions#scenarios,Market,Conservative,
208,battery storage,investment,2022,405.4,USD_2022/kWh,2022,"NREL, 2024 ATB Excel Workbook, Sheet “Utility-Scale Battery Storage”, https://data.openei.org/files/6006/2024_v3_Workbook.xlsx",Includes grid connection and project financing costs; Meaning of scenario and financial case: https://atb.nrel.gov/electricity/2024/definitions#scenarios,Market,Advanced,
209,battery storage,investment,2030,205.8,USD_2022/kWh,2022,"NREL, 2024 ATB Excel Workbook, Sheet “Utility-Scale Battery Storage”, https://data.openei.org/files/6006/2024_v3_Workbook.xlsx",Includes grid connection and project financing costs; Meaning of scenario and financial case: https://atb.nrel.gov/electricity/2024/definitions#scenarios,Market,Advanced,
210,battery storage,investment,2040,169.5,USD_2022/kWh,2022,"NREL, 2024 ATB Excel Workbook, Sheet “Utility-Scale Battery Storage”, https://data.openei.org/files/6006/2024_v3_Workbook.xlsx",Includes grid connection and project financing costs; Meaning of scenario and financial case: https://atb.nrel.gov/electricity/2024/definitions#scenarios,Market,Advanced,
211,battery storage,investment,2050,134,USD_2022/kWh,2022,"NREL, 2024 ATB Excel Workbook, Sheet “Utility-Scale Battery Storage”, https://data.openei.org/files/6006/2024_v3_Workbook.xlsx",Includes grid connection and project financing costs; Meaning of scenario and financial case: https://atb.nrel.gov/electricity/2024/definitions#scenarios,Market,Advanced,
212,battery inverter,investment,2022,480.1,USD_2022/kW,2022,"NREL, 2024 ATB Excel Workbook, Sheet “Utility-Scale Battery Storage”, https://data.openei.org/files/6006/2024_v3_Workbook.xlsx",Includes grid connection and project financing costs; Meaning of scenario and financial case: https://atb.nrel.gov/electricity/2024/definitions#scenarios,R&D,Moderate,
213,battery inverter,investment,2030,432.8,USD_2022/kW,2022,"NREL, 2024 ATB Excel Workbook, Sheet “Utility-Scale Battery Storage”, https://data.openei.org/files/6006/2024_v3_Workbook.xlsx",Includes grid connection and project financing costs; Meaning of scenario and financial case: https://atb.nrel.gov/electricity/2024/definitions#scenarios,R&D,Moderate,
214,battery inverter,investment,2040,409.6,USD_2022/kW,2022,"NREL, 2024 ATB Excel Workbook, Sheet “Utility-Scale Battery Storage”, https://data.openei.org/files/6006/2024_v3_Workbook.xlsx",Includes grid connection and project financing costs; Meaning of scenario and financial case: https://atb.nrel.gov/electricity/2024/definitions#scenarios,R&D,Moderate,
215,battery inverter,investment,2050,384,USD_2022/kW,2022,"NREL, 2024 ATB Excel Workbook, Sheet “Utility-Scale Battery Storage”, https://data.openei.org/files/6006/2024_v3_Workbook.xlsx",Includes grid connection and project financing costs; Meaning of scenario and financial case: https://atb.nrel.gov/electricity/2024/definitions#scenarios,R&D,Moderate,
216,battery inverter,investment,2022,480.1,USD_2022/kW,2022,"NREL, 2024 ATB Excel Workbook, Sheet “Utility-Scale Battery Storage”, https://data.openei.org/files/6006/2024_v3_Workbook.xlsx",Includes grid connection and project financing costs; Meaning of scenario and financial case: https://atb.nrel.gov/electricity/2024/definitions#scenarios,R&D,Conservative,
217,battery inverter,investment,2030,454.2,USD_2022/kW,2022,"NREL, 2024 ATB Excel Workbook, Sheet “Utility-Scale Battery Storage”, https://data.openei.org/files/6006/2024_v3_Workbook.xlsx",Includes grid connection and project financing costs; Meaning of scenario and financial case: https://atb.nrel.gov/electricity/2024/definitions#scenarios,R&D,Conservative,
218,battery inverter,investment,2040,430.3,USD_2022/kW,2022,"NREL, 2024 ATB Excel Workbook, Sheet “Utility-Scale Battery Storage”, https://data.openei.org/files/6006/2024_v3_Workbook.xlsx",Includes grid connection and project financing costs; Meaning of scenario and financial case: https://atb.nrel.gov/electricity/2024/definitions#scenarios,R&D,Conservative,
219,battery inverter,investment,2050,406.2,USD_2022/kW,2022,"NREL, 2024 ATB Excel Workbook, Sheet “Utility-Scale Battery Storage”, https://data.openei.org/files/6006/2024_v3_Workbook.xlsx",Includes grid connection and project financing costs; Meaning of scenario and financial case: https://atb.nrel.gov/electricity/2024/definitions#scenarios,R&D,Conservative,
220,battery inverter,investment,2022,480.1,USD_2022/kW,2022,"NREL, 2024 ATB Excel Workbook, Sheet “Utility-Scale Battery Storage”, https://data.openei.org/files/6006/2024_v3_Workbook.xlsx",Includes grid connection and project financing costs; Meaning of scenario and financial case: https://atb.nrel.gov/electricity/2024/definitions#scenarios,R&D,Advanced,
221,battery inverter,investment,2030,294.7,USD_2022/kW,2022,"NREL, 2024 ATB Excel Workbook, Sheet “Utility-Scale Battery Storage”, https://data.openei.org/files/6006/2024_v3_Workbook.xlsx",Includes grid connection and project financing costs; Meaning of scenario and financial case: https://atb.nrel.gov/electricity/2024/definitions#scenarios,R&D,Advanced,
222,battery inverter,investment,2040,262,USD_2022/kW,2022,"NREL, 2024 ATB Excel Workbook, Sheet “Utility-Scale Battery Storage”, https://data.openei.org/files/6006/2024_v3_Workbook.xlsx",Includes grid connection and project financing costs; Meaning of scenario and financial case: https://atb.nrel.gov/electricity/2024/definitions#scenarios,R&D,Advanced,
223,battery inverter,investment,2050,226.6,USD_2022/kW,2022,"NREL, 2024 ATB Excel Workbook, Sheet “Utility-Scale Battery Storage”, https://data.openei.org/files/6006/2024_v3_Workbook.xlsx",Includes grid connection and project financing costs; Meaning of scenario and financial case: https://atb.nrel.gov/electricity/2024/definitions#scenarios,R&D,Advanced,
224,battery inverter,investment,2022,480.1,USD_2022/kW,2022,"NREL, 2024 ATB Excel Workbook, Sheet “Utility-Scale Battery Storage”, https://data.openei.org/files/6006/2024_v3_Workbook.xlsx",Includes grid connection and project financing costs; Meaning of scenario and financial case: https://atb.nrel.gov/electricity/2024/definitions#scenarios,Market,Moderate,
225,battery inverter,investment,2030,432.8,USD_2022/kW,2022,"NREL, 2024 ATB Excel Workbook, Sheet “Utility-Scale Battery Storage”, https://data.openei.org/files/6006/2024_v3_Workbook.xlsx",Includes grid connection and project financing costs; Meaning of scenario and financial case: https://atb.nrel.gov/electricity/2024/definitions#scenarios,Market,Moderate,
226,battery inverter,investment,2040,409.6,USD_2022/kW,2022,"NREL, 2024 ATB Excel Workbook, Sheet “Utility-Scale Battery Storage”, https://data.openei.org/files/6006/2024_v3_Workbook.xlsx",Includes grid connection and project financing costs; Meaning of scenario and financial case: https://atb.nrel.gov/electricity/2024/definitions#scenarios,Market,Moderate,
227,battery inverter,investment,2050,384,USD_2022/kW,2022,"NREL, 2024 ATB Excel Workbook, Sheet “Utility-Scale Battery Storage”, https://data.openei.org/files/6006/2024_v3_Workbook.xlsx",Includes grid connection and project financing costs; Meaning of scenario and financial case: https://atb.nrel.gov/electricity/2024/definitions#scenarios,Market,Moderate,
228,battery inverter,investment,2022,480.1,USD_2022/kW,2022,"NREL, 2024 ATB Excel Workbook, Sheet “Utility-Scale Battery Storage”, https://data.openei.org/files/6006/2024_v3_Workbook.xlsx",Includes grid connection and project financing costs; Meaning of scenario and financial case: https://atb.nrel.gov/electricity/2024/definitions#scenarios,Market,Conservative,
229,battery inverter,investment,2030,454.2,USD_2022/kW,2022,"NREL, 2024 ATB Excel Workbook, Sheet “Utility-Scale Battery Storage”, https://data.openei.org/files/6006/2024_v3_Workbook.xlsx",Includes grid connection and project financing costs; Meaning of scenario and financial case: https://atb.nrel.gov/electricity/2024/definitions#scenarios,Market,Conservative,
230,battery inverter,investment,2040,430.3,USD_2022/kW,2022,"NREL, 2024 ATB Excel Workbook, Sheet “Utility-Scale Battery Storage”, https://data.openei.org/files/6006/2024_v3_Workbook.xlsx",Includes grid connection and project financing costs; Meaning of scenario and financial case: https://atb.nrel.gov/electricity/2024/definitions#scenarios,Market,Conservative,
231,battery inverter,investment,2050,406.2,USD_2022/kW,2022,"NREL, 2024 ATB Excel Workbook, Sheet “Utility-Scale Battery Storage”, https://data.openei.org/files/6006/2024_v3_Workbook.xlsx",Includes grid connection and project financing costs; Meaning of scenario and financial case: https://atb.nrel.gov/electricity/2024/definitions#scenarios,Market,Conservative,
232,battery inverter,investment,2022,480.1,USD_2022/kW,2022,"NREL, 2024 ATB Excel Workbook, Sheet “Utility-Scale Battery Storage”, https://data.openei.org/files/6006/2024_v3_Workbook.xlsx",Includes grid connection and project financing costs; Meaning of scenario and financial case: https://atb.nrel.gov/electricity/2024/definitions#scenarios,Market,Advanced,
233,battery inverter,investment,2030,294.7,USD_2022/kW,2022,"NREL, 2024 ATB Excel Workbook, Sheet “Utility-Scale Battery Storage”, https://data.openei.org/files/6006/2024_v3_Workbook.xlsx",Includes grid connection and project financing costs; Meaning of scenario and financial case: https://atb.nrel.gov/electricity/2024/definitions#scenarios,Market,Advanced,
234,battery inverter,investment,2040,262,USD_2022/kW,2022,"NREL, 2024 ATB Excel Workbook, Sheet “Utility-Scale Battery Storage”, https://data.openei.org/files/6006/2024_v3_Workbook.xlsx",Includes grid connection and project financing costs; Meaning of scenario and financial case: https://atb.nrel.gov/electricity/2024/definitions#scenarios,Market,Advanced,
235,battery inverter,investment,2050,226.6,USD_2022/kW,2022,"NREL, 2024 ATB Excel Workbook, Sheet “Utility-Scale Battery Storage”, https://data.openei.org/files/6006/2024_v3_Workbook.xlsx",Includes grid connection and project financing costs; Meaning of scenario and financial case: https://atb.nrel.gov/electricity/2024/definitions#scenarios,Market,Advanced,
236,battery storage,FOM,2022,2.5,%/year,2022,"NREL, 2024 ATB Excel Workbook, Sheet “Utility-Scale Battery Storage”, https://data.openei.org/files/6006/2024_v3_Workbook.xlsx",Meaning of scenario and financial case: https://atb.nrel.gov/electricity/2024/definitions#scenarios,R&D,Moderate,
237,battery storage,FOM,2030,2.5,%/year,2022,"NREL, 2024 ATB Excel Workbook, Sheet “Utility-Scale Battery Storage”, https://data.openei.org/files/6006/2024_v3_Workbook.xlsx",Meaning of scenario and financial case: https://atb.nrel.gov/electricity/2024/definitions#scenarios,R&D,Moderate,
238,battery storage,FOM,2040,2.5,%/year,2022,"NREL, 2024 ATB Excel Workbook, Sheet “Utility-Scale Battery Storage”, https://data.openei.org/files/6006/2024_v3_Workbook.xlsx",Meaning of scenario and financial case: https://atb.nrel.gov/electricity/2024/definitions#scenarios,R&D,Moderate,
239,battery storage,FOM,2050,2.5,%/year,2022,"NREL, 2024 ATB Excel Workbook, Sheet “Utility-Scale Battery Storage”, https://data.openei.org/files/6006/2024_v3_Workbook.xlsx",Meaning of scenario and financial case: https://atb.nrel.gov/electricity/2024/definitions#scenarios,R&D,Moderate,
240,battery storage,FOM,2022,2.5,%/year,2022,"NREL, 2024 ATB Excel Workbook, Sheet “Utility-Scale Battery Storage”, https://data.openei.org/files/6006/2024_v3_Workbook.xlsx",Meaning of scenario and financial case: https://atb.nrel.gov/electricity/2024/definitions#scenarios,R&D,Conservative,
241,battery storage,FOM,2030,2.5,%/year,2022,"NREL, 2024 ATB Excel Workbook, Sheet “Utility-Scale Battery Storage”, https://data.openei.org/files/6006/2024_v3_Workbook.xlsx",Meaning of scenario and financial case: https://atb.nrel.gov/electricity/2024/definitions#scenarios,R&D,Conservative,
242,battery storage,FOM,2040,2.5,%/year,2022,"NREL, 2024 ATB Excel Workbook, Sheet “Utility-Scale Battery Storage”, https://data.openei.org/files/6006/2024_v3_Workbook.xlsx",Meaning of scenario and financial case: https://atb.nrel.gov/electricity/2024/definitions#scenarios,R&D,Conservative,
243,battery storage,FOM,2050,2.5,%/year,2022,"NREL, 2024 ATB Excel Workbook, Sheet “Utility-Scale Battery Storage”, https://data.openei.org/files/6006/2024_v3_Workbook.xlsx",Meaning of scenario and financial case: https://atb.nrel.gov/electricity/2024/definitions#scenarios,R&D,Conservative,
244,battery storage,FOM,2022,2.5,%/year,2022,"NREL, 2024 ATB Excel Workbook, Sheet “Utility-Scale Battery Storage”, https://data.openei.org/files/6006/2024_v3_Workbook.xlsx",Meaning of scenario and financial case: https://atb.nrel.gov/electricity/2024/definitions#scenarios,R&D,Advanced,
245,battery storage,FOM,2030,2.5,%/year,2022,"NREL, 2024 ATB Excel Workbook, Sheet “Utility-Scale Battery Storage”, https://data.openei.org/files/6006/2024_v3_Workbook.xlsx",Meaning of scenario and financial case: https://atb.nrel.gov/electricity/2024/definitions#scenarios,R&D,Advanced,
246,battery storage,FOM,2040,2.5,%/year,2022,"NREL, 2024 ATB Excel Workbook, Sheet “Utility-Scale Battery Storage”, https://data.openei.org/files/6006/2024_v3_Workbook.xlsx",Meaning of scenario and financial case: https://atb.nrel.gov/electricity/2024/definitions#scenarios,R&D,Advanced,
247,battery storage,FOM,2050,2.5,%/year,2022,"NREL, 2024 ATB Excel Workbook, Sheet “Utility-Scale Battery Storage”, https://data.openei.org/files/6006/2024_v3_Workbook.xlsx",Meaning of scenario and financial case: https://atb.nrel.gov/electricity/2024/definitions#scenarios,R&D,Advanced,
248,battery storage,FOM,2022,2.5,%/year,2022,"NREL, 2024 ATB Excel Workbook, Sheet “Utility-Scale Battery Storage”, https://data.openei.org/files/6006/2024_v3_Workbook.xlsx",Meaning of scenario and financial case: https://atb.nrel.gov/electricity/2024/definitions#scenarios,Market,Moderate,
249,battery storage,FOM,2030,2.5,%/year,2022,"NREL, 2024 ATB Excel Workbook, Sheet “Utility-Scale Battery Storage”, https://data.openei.org/files/6006/2024_v3_Workbook.xlsx",Meaning of scenario and financial case: https://atb.nrel.gov/electricity/2024/definitions#scenarios,Market,Moderate,
250,battery storage,FOM,2040,2.5,%/year,2022,"NREL, 2024 ATB Excel Workbook, Sheet “Utility-Scale Battery Storage”, https://data.openei.org/files/6006/2024_v3_Workbook.xlsx",Meaning of scenario and financial case: https://atb.nrel.gov/electricity/2024/definitions#scenarios,Market,Moderate,
251,battery storage,FOM,2050,2.5,%/year,2022,"NREL, 2024 ATB Excel Workbook, Sheet “Utility-Scale Battery Storage”, https://data.openei.org/files/6006/2024_v3_Workbook.xlsx",Meaning of scenario and financial case: https://atb.nrel.gov/electricity/2024/definitions#scenarios,Market,Moderate,
252,battery storage,FOM,2022,2.5,%/year,2022,"NREL, 2024 ATB Excel Workbook, Sheet “Utility-Scale Battery Storage”, https://data.openei.org/files/6006/2024_v3_Workbook.xlsx",Meaning of scenario and financial case: https://atb.nrel.gov/electricity/2024/definitions#scenarios,Market,Conservative,
253,battery storage,FOM,2030,2.5,%/year,2022,"NREL, 2024 ATB Excel Workbook, Sheet “Utility-Scale Battery Storage”, https://data.openei.org/files/6006/2024_v3_Workbook.xlsx",Meaning of scenario and financial case: https://atb.nrel.gov/electricity/2024/definitions#scenarios,Market,Conservative,
254,battery storage,FOM,2040,2.5,%/year,2022,"NREL, 2024 ATB Excel Workbook, Sheet “Utility-Scale Battery Storage”, https://data.openei.org/files/6006/2024_v3_Workbook.xlsx",Meaning of scenario and financial case: https://atb.nrel.gov/electricity/2024/definitions#scenarios,Market,Conservative,
255,battery storage,FOM,2050,2.5,%/year,2022,"NREL, 2024 ATB Excel Workbook, Sheet “Utility-Scale Battery Storage”, https://data.openei.org/files/6006/2024_v3_Workbook.xlsx",Meaning of scenario and financial case: https://atb.nrel.gov/electricity/2024/definitions#scenarios,Market,Conservative,
256,battery storage,FOM,2022,2.5,%/year,2022,"NREL, 2024 ATB Excel Workbook, Sheet “Utility-Scale Battery Storage”, https://data.openei.org/files/6006/2024_v3_Workbook.xlsx",Meaning of scenario and financial case: https://atb.nrel.gov/electricity/2024/definitions#scenarios,Market,Advanced,
257,battery storage,FOM,2030,2.5,%/year,2022,"NREL, 2024 ATB Excel Workbook, Sheet “Utility-Scale Battery Storage”, https://data.openei.org/files/6006/2024_v3_Workbook.xlsx",Meaning of scenario and financial case: https://atb.nrel.gov/electricity/2024/definitions#scenarios,Market,Advanced,
258,battery storage,FOM,2040,2.5,%/year,2022,"NREL, 2024 ATB Excel Workbook, Sheet “Utility-Scale Battery Storage”, https://data.openei.org/files/6006/2024_v3_Workbook.xlsx",Meaning of scenario and financial case: https://atb.nrel.gov/electricity/2024/definitions#scenarios,Market,Advanced,
259,battery storage,FOM,2050,2.5,%/year,2022,"NREL, 2024 ATB Excel Workbook, Sheet “Utility-Scale Battery Storage”, https://data.openei.org/files/6006/2024_v3_Workbook.xlsx",Meaning of scenario and financial case: https://atb.nrel.gov/electricity/2024/definitions#scenarios,Market,Advanced,
260,battery inverter,FOM,2022,2.5,%/year,2022,"NREL, 2024 ATB Excel Workbook, Sheet “Utility-Scale Battery Storage”, https://data.openei.org/files/6006/2024_v3_Workbook.xlsx",Meaning of scenario and financial case: https://atb.nrel.gov/electricity/2024/definitions#scenarios,R&D,Moderate,
261,battery inverter,FOM,2030,2.5,%/year,2022,"NREL, 2024 ATB Excel Workbook, Sheet “Utility-Scale Battery Storage”, https://data.openei.org/files/6006/2024_v3_Workbook.xlsx",Meaning of scenario and financial case: https://atb.nrel.gov/electricity/2024/definitions#scenarios,R&D,Moderate,
262,battery inverter,FOM,2040,2.5,%/year,2022,"NREL, 2024 ATB Excel Workbook, Sheet “Utility-Scale Battery Storage”, https://data.openei.org/files/6006/2024_v3_Workbook.xlsx",Meaning of scenario and financial case: https://atb.nrel.gov/electricity/2024/definitions#scenarios,R&D,Moderate,
263,battery inverter,FOM,2050,2.5,%/year,2022,"NREL, 2024 ATB Excel Workbook, Sheet “Utility-Scale Battery Storage”, https://data.openei.org/files/6006/2024_v3_Workbook.xlsx",Meaning of scenario and financial case: https://atb.nrel.gov/electricity/2024/definitions#scenarios,R&D,Moderate,
264,battery inverter,FOM,2022,2.5,%/year,2022,"NREL, 2024 ATB Excel Workbook, Sheet “Utility-Scale Battery Storage”, https://data.openei.org/files/6006/2024_v3_Workbook.xlsx",Meaning of scenario and financial case: https://atb.nrel.gov/electricity/2024/definitions#scenarios,R&D,Conservative,
265,battery inverter,FOM,2030,2.5,%/year,2022,"NREL, 2024 ATB Excel Workbook, Sheet “Utility-Scale Battery Storage”, https://data.openei.org/files/6006/2024_v3_Workbook.xlsx",Meaning of scenario and financial case: https://atb.nrel.gov/electricity/2024/definitions#scenarios,R&D,Conservative,
266,battery inverter,FOM,2040,2.5,%/year,2022,"NREL, 2024 ATB Excel Workbook, Sheet “Utility-Scale Battery Storage”, https://data.openei.org/files/6006/2024_v3_Workbook.xlsx",Meaning of scenario and financial case: https://atb.nrel.gov/electricity/2024/definitions#scenarios,R&D,Conservative,
267,battery inverter,FOM,2050,2.5,%/year,2022,"NREL, 2024 ATB Excel Workbook, Sheet “Utility-Scale Battery Storage”, https://data.openei.org/files/6006/2024_v3_Workbook.xlsx",Meaning of scenario and financial case: https://atb.nrel.gov/electricity/2024/definitions#scenarios,R&D,Conservative,
268,battery inverter,FOM,2022,2.5,%/year,2022,"NREL, 2024 ATB Excel Workbook, Sheet “Utility-Scale Battery Storage”, https://data.openei.org/files/6006/2024_v3_Workbook.xlsx",Meaning of scenario and financial case: https://atb.nrel.gov/electricity/2024/definitions#scenarios,R&D,Advanced,
269,battery inverter,FOM,2030,2.5,%/year,2022,"NREL, 2024 ATB Excel Workbook, Sheet “Utility-Scale Battery Storage”, https://data.openei.org/files/6006/2024_v3_Workbook.xlsx",Meaning of scenario and financial case: https://atb.nrel.gov/electricity/2024/definitions#scenarios,R&D,Advanced,
270,battery inverter,FOM,2040,2.5,%/year,2022,"NREL, 2024 ATB Excel Workbook, Sheet “Utility-Scale Battery Storage”, https://data.openei.org/files/6006/2024_v3_Workbook.xlsx",Meaning of scenario and financial case: https://atb.nrel.gov/electricity/2024/definitions#scenarios,R&D,Advanced,
271,battery inverter,FOM,2050,2.5,%/year,2022,"NREL, 2024 ATB Excel Workbook, Sheet “Utility-Scale Battery Storage”, https://data.openei.org/files/6006/2024_v3_Workbook.xlsx",Meaning of scenario and financial case: https://atb.nrel.gov/electricity/2024/definitions#scenarios,R&D,Advanced,
272,battery inverter,FOM,2022,2.5,%/year,2022,"NREL, 2024 ATB Excel Workbook, Sheet “Utility-Scale Battery Storage”, https://data.openei.org/files/6006/2024_v3_Workbook.xlsx",Meaning of scenario and financial case: https://atb.nrel.gov/electricity/2024/definitions#scenarios,Market,Moderate,
273,battery inverter,FOM,2030,2.5,%/year,2022,"NREL, 2024 ATB Excel Workbook, Sheet “Utility-Scale Battery Storage”, https://data.openei.org/files/6006/2024_v3_Workbook.xlsx",Meaning of scenario and financial case: https://atb.nrel.gov/electricity/2024/definitions#scenarios,Market,Moderate,
274,battery inverter,FOM,2040,2.5,%/year,2022,"NREL, 2024 ATB Excel Workbook, Sheet “Utility-Scale Battery Storage”, https://data.openei.org/files/6006/2024_v3_Workbook.xlsx",Meaning of scenario and financial case: https://atb.nrel.gov/electricity/2024/definitions#scenarios,Market,Moderate,
275,battery inverter,FOM,2050,2.5,%/year,2022,"NREL, 2024 ATB Excel Workbook, Sheet “Utility-Scale Battery Storage”, https://data.openei.org/files/6006/2024_v3_Workbook.xlsx",Meaning of scenario and financial case: https://atb.nrel.gov/electricity/2024/definitions#scenarios,Market,Moderate,
276,battery inverter,FOM,2022,2.5,%/year,2022,"NREL, 2024 ATB Excel Workbook, Sheet “Utility-Scale Battery Storage”, https://data.openei.org/files/6006/2024_v3_Workbook.xlsx",Meaning of scenario and financial case: https://atb.nrel.gov/electricity/2024/definitions#scenarios,Market,Conservative,
277,battery inverter,FOM,2030,2.5,%/year,2022,"NREL, 2024 ATB Excel Workbook, Sheet “Utility-Scale Battery Storage”, https://data.openei.org/files/6006/2024_v3_Workbook.xlsx",Meaning of scenario and financial case: https://atb.nrel.gov/electricity/2024/definitions#scenarios,Market,Conservative,
278,battery inverter,FOM,2040,2.5,%/year,2022,"NREL, 2024 ATB Excel Workbook, Sheet “Utility-Scale Battery Storage”, https://data.openei.org/files/6006/2024_v3_Workbook.xlsx",Meaning of scenario and financial case: https://atb.nrel.gov/electricity/2024/definitions#scenarios,Market,Conservative,
279,battery inverter,FOM,2050,2.5,%/year,2022,"NREL, 2024 ATB Excel Workbook, Sheet “Utility-Scale Battery Storage”, https://data.openei.org/files/6006/2024_v3_Workbook.xlsx",Meaning of scenario and financial case: https://atb.nrel.gov/electricity/2024/definitions#scenarios,Market,Conservative,
280,battery inverter,FOM,2022,2.5,%/year,2022,"NREL, 2024 ATB Excel Workbook, Sheet “Utility-Scale Battery Storage”, https://data.openei.org/files/6006/2024_v3_Workbook.xlsx",Meaning of scenario and financial case: https://atb.nrel.gov/electricity/2024/definitions#scenarios,Market,Advanced,
281,battery inverter,FOM,2030,2.5,%/year,2022,"NREL, 2024 ATB Excel Workbook, Sheet “Utility-Scale Battery Storage”, https://data.openei.org/files/6006/2024_v3_Workbook.xlsx",Meaning of scenario and financial case: https://atb.nrel.gov/electricity/2024/definitions#scenarios,Market,Advanced,
282,battery inverter,FOM,2040,2.5,%/year,2022,"NREL, 2024 ATB Excel Workbook, Sheet “Utility-Scale Battery Storage”, https://data.openei.org/files/6006/2024_v3_Workbook.xlsx",Meaning of scenario and financial case: https://atb.nrel.gov/electricity/2024/definitions#scenarios,Market,Advanced,
283,battery inverter,FOM,2050,2.5,%/year,2022,"NREL, 2024 ATB Excel Workbook, Sheet “Utility-Scale Battery Storage”, https://data.openei.org/files/6006/2024_v3_Workbook.xlsx",Meaning of scenario and financial case: https://atb.nrel.gov/electricity/2024/definitions#scenarios,Market,Advanced,
284,battery storage,lifetime,2022,15,years,-,"NREL, 2024 ATB Excel Workbook, Sheet “Utility-Scale Battery Storage”, https://data.openei.org/files/6006/2024_v3_Workbook.xlsx",,,,
285,battery inverter,lifetime,2022,15,years,-,"NREL, 2024 ATB Excel Workbook, Sheet “Utility-Scale Battery Storage”, https://data.openei.org/files/6006/2024_v3_Workbook.xlsx",,,,
